day,reached_bet_tier,pinned_at_shrink_cap
29,0,0
29,0,0
29,0,0
29,0,0
29,0,0
29,0,0
29,0,0
29,0,0
29,0,0
29,0,0
29,0,0
29,0,0
29,0,0
29,0,0
29,0,0
29,0,0
29,0,0
29,0,0
29,0,0
29,0,0
29,0,0
29,0,0
29,0,0
29,0,0
29,0,0
29,0,0
29,0,0
29,0,0
29,0,0
29,0,0
29,0,0
29,0,0
29,0,0
29,0,0
29,0,0
29,0,0
29,0,0
29,0,0
29,0,0
29,0,0
29,0,0
29,0,0
29,0,0
29,0,0
29,0,0
29,0,0
29,0,0
29,0,0
29,0,0
29,0,0
29,0,0
29,0,0
29,0,0
29,0,0
29,0,0
29,0,0
30,0,0
30,0,0
30,0,1
30,0,1
30,0,0
30,0,0
30,0,0
30,0,0
30,0,0
30,0,0
30,0,0
30,0,0
30,0,0
30,0,0
30,0,0
30,0,0
30,0,0
30,0,0
30,0,0
30,0,0
30,0,0
30,0,0
30,0,0
30,0,0
30,0,0
30,0,0
30,0,0
30,0,0
30,0,1
30,0,1
30,0,0
30,0,0
30,0,1
30,0,0
30,0,0
30,0,0
30,0,0
30,0,0
30,0,0
30,0,0
31,0,1
31,0,0
31,0,1
31,0,1
31,0,1
31,0,0
31,0,1
31,0,1
31,0,0
31,0,1
31,0,0
31,0,0
31,0,0
31,0,0
31,0,0
31,0,0
31,0,0
31,0,0
31,0,0
31,0,0
31,0,0
31,0,0
31,0,0
31,0,0
31,0,0
31,0,0
31,0,0
31,0,0
31,0,0
31,0,0
31,0,0
31,0,0
31,0,0
31,0,0
31,0,0
31,0,0
31,0,0
31,0,0
32,0,1
32,0,0
32,0,1
32,0,1
32,0,1
32,0,0
32,0,1
32,0,0
32,0,1
32,0,1
32,0,1
32,0,0
32,0,0
32,0,0
32,0,0
32,0,0
32,0,0
32,0,0
32,0,0
32,0,0
32,0,0
32,0,0
32,0,0
32,0,0
32,0,0
32,0,0
32,0,0
32,0,0
32,0,0
32,0,0
32,0,0
32,0,0
32,0,0
32,0,0
32,0,0
32,0,0
32,0,0
32,0,0
32,0,0
32,0,0
32,0,0
32,0,0
32,0,0
32,0,0
32,0,0
32,0,0
32,0,0
32,0,0
32,0,0
32,0,0
32,0,0
32,0,0
32,0,0
32,0,0
32,0,0
32,0,0
32,0,0
32,0,0
32,0,0
32,0,0
32,0,0
32,0,0
32,0,0
33,0,0
33,0,0
33,0,0
33,0,0
33,0,0
33,0,0
33,0,0
33,0,0
33,0,0
33,0,0
33,0,0
33,0,0
33,0,0
33,0,0
33,0,0
33,0,0
33,0,0
33,0,0
33,0,0
33,0,0
33,0,0
33,0,0
33,0,0
33,0,0
33,0,0
33,0,0
33,0,0
33,0,0
33,0,0
33,0,0
33,0,0
33,0,0
33,0,0
33,0,0
33,0,0
33,0,0
33,0,0
33,0,0
33,0,0
33,0,0
33,0,0
33,0,0
33,0,0
33,0,0
33,0,0
33,0,0
33,0,0
34,0,0
34,0,0
34,0,0
34,0,0
34,0,0
34,0,0
34,0,0
34,0,0
34,0,0
34,0,0
34,0,0
34,0,0
34,0,0
34,0,0
34,0,0
34,0,0
34,0,0
34,0,0
34,0,0
34,0,0
34,0,0
34,0,0
34,0,0
34,0,0
34,0,0
34,0,0
34,0,0
34,0,0
34,0,0
34,0,0
34,0,0
34,0,0
34,0,0
34,0,0
34,0,0
34,0,0
34,0,0
34,0,0
34,0,0
34,0,0
34,0,0
34,0,0
34,0,0
34,0,0
34,0,1
34,0,0
34,0,0
34,0,0
34,0,0
34,0,0
34,0,0
34,0,0
35,0,0
35,0,0
35,0,0
35,0,0
35,0,0
35,0,0
35,0,0
35,0,0
35,0,0
35,0,0
35,0,0
35,0,0
35,0,0
35,0,0
35,0,0
35,0,0
35,0,0
35,0,0
35,0,0
35,0,0
35,0,0
35,0,0
35,0,0
35,0,0
35,0,0
35,0,0
35,0,0
35,0,0
35,0,0
35,0,0
35,0,0
35,0,0
35,0,0
35,0,0
35,0,0
35,0,0
35,0,0
35,0,0
35,0,0
35,0,0
35,0,0
35,0,0
35,0,0
35,0,0
35,0,0
35,0,0
36,0,0
36,0,1
36,0,0
36,0,1
36,0,1
36,0,1
36,0,1
36,0,0
36,0,0
36,0,0
36,0,1
36,0,0
36,0,0
36,0,0
36,0,0
36,0,0
36,0,0
36,0,0
36,0,0
36,0,0
36,0,0
36,0,0
36,0,0
36,0,0
36,0,0
36,0,0
36,0,0
36,0,0
36,0,0
36,0,0
36,0,0
36,0,0
36,0,0
36,0,0
36,0,0
36,0,0
36,0,0
36,0,0
36,0,0
36,0,0
36,0,0
36,0,0
36,0,0
36,0,0
36,0,0
36,0,0
36,0,0
36,0,0
36,0,0
36,0,0
36,0,0
37,0,1
37,0,1
37,0,1
37,0,1
37,0,1
37,0,1
37,0,1
37,0,1
37,0,1
37,0,0
37,0,0
37,0,1
37,0,1
37,0,1
37,0,1
37,0,1
37,0,1
37,0,0
37,0,0
37,0,1
37,0,0
37,0,0
37,0,0
37,0,1
37,0,0
37,0,0
37,0,0
37,0,0
37,0,0
37,0,0
37,0,0
37,0,0
37,0,0
37,0,0
37,0,0
37,0,0
37,0,0
37,0,0
37,0,0
37,0,0
37,0,0
37,0,0
37,0,0
37,0,0
37,0,0
37,0,0
38,0,0
38,0,0
38,0,0
38,0,1
38,0,0
38,0,1
38,0,1
38,0,1
38,0,0
38,0,1
38,0,0
38,0,1
38,0,0
38,0,0
38,0,0
38,0,0
38,0,0
38,0,0
38,0,0
38,0,0
38,0,0
38,0,0
38,0,0
38,0,0
38,0,0
38,0,0
38,0,0
38,0,0
38,0,0
38,0,0
38,0,0
38,0,0
38,0,0
38,0,0
38,0,0
38,0,0
38,0,0
38,0,0
38,0,0
38,0,0
39,0,0
39,0,1
39,0,0
39,0,0
39,0,0
39,0,0
39,0,0
39,0,0
39,0,0
39,0,0
39,0,0
39,0,0
39,0,0
39,0,0
39,0,0
39,0,0
39,0,0
39,0,0
39,0,0
39,0,0
39,0,0
39,0,0
39,0,0
39,0,0
39,0,0
39,0,0
39,0,0
39,0,0
39,0,0
39,0,0
39,0,0
39,0,0
39,0,0
40,0,1
40,0,1
40,0,1
40,0,0
40,0,1
40,0,1
40,0,1
40,0,1
40,0,1
40,0,1
40,0,1
40,0,1
40,0,1
40,0,1
40,0,1
40,0,1
40,0,1
40,0,0
40,0,1
40,0,1
40,0,1
40,0,1
40,0,1
40,0,1
40,0,1
40,0,1
40,0,0
40,0,0
40,0,0
40,0,1
40,0,0
40,0,1
40,0,1
40,0,1
40,0,0
40,0,0
40,0,0
40,0,0
40,0,0
40,0,0
40,0,0
40,0,0
40,0,0
40,0,0
40,0,0
40,0,0
40,0,0
40,0,0
40,0,0
40,0,0
40,0,0
40,0,0
40,0,0
40,0,0
40,0,0
40,0,0
40,0,0
40,0,0
40,0,0
40,0,0
40,0,0
40,0,0
40,0,0
40,0,0
40,0,0
40,0,0
40,0,0
40,0,0
40,0,0
40,0,0
40,0,0
40,0,0
40,0,0
40,0,0
40,0,0
40,0,0
40,0,0
40,0,0
40,0,0
40,0,0
40,0,0
40,0,0
40,0,0
40,0,0
40,0,0
40,0,0
40,0,0
41,0,1
41,0,0
41,0,1
41,0,1
41,0,1
41,0,1
41,0,1
41,0,1
41,0,1
41,0,1
41,0,1
41,0,1
41,0,1
41,0,1
41,0,1
41,0,1
41,0,1
41,0,1
41,0,1
41,0,1
41,0,0
41,0,0
41,0,0
41,0,0
41,0,0
41,0,0
41,0,0
41,0,0
41,0,0
41,0,0
41,0,0
41,0,0
41,0,0
41,0,0
41,0,0
41,0,0
41,0,0
41,0,0
41,0,0
41,0,0
41,0,0
41,0,0
41,0,0
41,0,0
41,0,0
41,0,0
41,0,0
41,0,1
41,0,1
41,0,1
41,0,1
41,0,1
41,0,1
41,0,1
41,0,1
41,0,1
41,0,1
41,0,1
41,0,1
41,0,1
41,0,1
41,0,0
41,0,1
41,0,0
41,0,1
41,0,0
41,0,0
41,0,0
41,0,0
41,0,0
41,0,0
41,0,0
41,0,0
41,0,0
41,0,0
41,0,0
41,0,0
41,0,0
41,0,0
41,0,0
42,0,0
42,0,1
42,0,1
42,0,1
42,0,1
42,0,1
42,0,1
42,0,1
42,0,1
42,0,1
42,0,1
42,0,1
42,0,1
42,0,1
42,0,1
42,0,1
42,0,1
42,0,1
42,0,1
42,0,1
42,0,0
42,0,0
42,0,0
42,0,0
42,0,0
42,0,0
42,0,0
42,0,0
42,0,0
42,0,0
42,0,0
42,0,0
42,0,0
42,0,0
42,0,0
42,0,0
42,0,0
42,0,0
42,0,0
42,0,0
42,0,0
42,0,0
42,0,0
42,0,0
42,0,0
42,0,0
42,0,0
42,0,0
42,0,0
42,0,0
42,0,0
42,0,0
42,0,0
42,0,0
42,0,0
42,0,0
42,0,0
42,0,0
42,0,0
42,0,0
42,0,0
42,0,0
42,0,0
43,0,1
43,0,1
43,0,1
43,0,1
43,0,1
43,0,1
43,0,1
43,0,1
43,0,1
43,0,1
43,0,1
43,0,1
43,0,1
43,0,1
43,0,1
43,0,1
43,0,0
43,0,1
43,0,1
43,0,0
43,0,1
43,0,1
43,0,1
43,0,1
43,0,1
43,0,1
43,0,1
43,0,1
43,0,0
43,0,0
43,0,0
43,0,0
43,0,0
43,0,0
43,0,0
43,0,1
43,0,0
43,0,0
43,0,0
43,0,0
43,0,0
43,0,0
43,0,0
43,0,0
43,0,0
43,0,0
43,0,0
43,0,0
43,0,0
43,0,0
43,0,0
43,0,0
43,0,0
43,0,0
43,0,0
43,0,0
43,0,0
43,0,0
43,0,0
43,0,0
43,0,0
43,0,0
43,0,0
43,0,0
43,0,0
43,0,0
43,0,0
43,0,0
43,0,0
43,0,0
43,0,0
43,0,0
43,0,0
43,0,0
43,0,0
43,0,0
43,0,0
43,0,0
43,0,0
43,0,0
43,0,0
43,0,0
43,0,0
44,0,1
44,0,1
44,0,1
44,0,1
44,0,1
44,0,1
44,0,1
44,0,1
44,0,1
44,0,1
44,0,1
44,0,1
44,0,1
44,0,1
44,0,1
44,0,1
44,0,0
44,0,0
44,0,0
44,0,0
44,0,0
44,0,0
44,0,0
44,0,0
44,0,0
44,0,0
44,0,0
44,0,0
44,0,0
44,0,0
44,0,0
44,0,0
44,0,0
44,0,0
44,0,0
44,0,0
44,0,0
44,0,0
44,0,0
44,0,0
44,0,0
44,0,0
44,0,0
44,0,0
44,0,0
44,0,0
44,0,0
44,0,0
44,0,0
44,0,0
44,0,0
44,0,0
44,0,0
44,0,0
44,0,0
44,0,0
44,0,0
44,0,0
44,0,0
44,0,0
44,0,0
44,0,0
44,0,0
44,0,1
44,0,1
44,0,1
44,0,1
44,0,0
44,0,1
44,0,0
44,0,0
44,0,0
44,0,0
44,0,0
44,0,0
44,0,0
44,0,0
44,0,0
44,0,0
44,0,0
44,0,0
44,0,0
44,0,0
44,0,0
44,0,0
44,0,0
44,0,0
44,0,0
44,0,0
