day,population,staked_units,returned_units
0,acted,10,14.1566
1,acted,2,1.9009
2,acted,28,27.9592
3,acted,4,0.0
4,acted,5,4.3796
5,acted,13,8.6576
6,acted,1,0.0
7,acted,19,27.0825
8,acted,7,8.0567
9,acted,33,36.6042
10,acted,37,54.9178
11,acted,42,50.0659
12,acted,26,26.182
12,declined,150,155.2974
13,acted,12,6.9524
13,declined,249,274.6642
14,acted,48,51.8907
14,declined,278,252.9042
15,acted,10,12.89
15,declined,50,53.8787
16,acted,3,0.0
16,declined,16,13.6802
17,acted,10,7.25
17,declined,154,138.6127
18,acted,10,9.5576
18,declined,168,192.9122
19,acted,7,2.2
19,declined,47,31.1494
20,acted,10,9.6592
20,declined,281,259.4452
21,acted,13,5.0752
21,declined,236,224.3497
22,acted,43,42.9808
22,declined,119,105.585
23,acted,18,29.3401
23,declined,73,64.612
24,acted,20,30.63
24,declined,231,230.6688
25,acted,45,48.3753
25,declined,233,269.0956
26,acted,40,41.4685
26,declined,40,36.3868
27,acted,21,29.0242
27,declined,151,152.1184
28,acted,32,29.9945
28,declined,224,203.6492
29,acted,10,9.9
29,declined,169,172.3887
30,acted,15,9.3317
30,declined,293,271.9757
31,acted,18,9.3222
31,declined,190,172.879
32,acted,27,21.3239
32,declined,222,231.1983
33,acted,25,20.2647
33,declined,201,180.1856
34,acted,35,39.4416
34,declined,345,316.03
35,acted,18,19.8996
35,declined,186,189.7003
36,acted,15,13.94
36,declined,145,136.832
37,acted,7,4.33
37,declined,124,144.1552
38,acted,10,6.2224
38,declined,189,206.5381
39,acted,9,7.0
39,declined,242,266.1957
40,acted,12,9.07
40,declined,170,138.9883
41,acted,23,16.4124
41,declined,333,360.1211
42,acted,3,4.53
42,declined,206,196.6459
43,acted,3,4.34
43,declined,258,246.6145
44,acted,3,2.25
44,declined,250,246.6628
