seq,kind,decision
0,exploratory,underpowered
1,exploratory,underpowered
2,exploratory,underpowered
3,exploratory,underpowered
4,exploratory,underpowered
5,exploratory,underpowered
6,exploratory,underpowered
7,exploratory,underpowered
8,exploratory,underpowered
9,exploratory,underpowered
10,exploratory,underpowered
11,exploratory,underpowered
12,exploratory,underpowered
13,exploratory,underpowered
14,exploratory,underpowered
15,exploratory,underpowered
16,exploratory,underpowered
17,exploratory,underpowered
18,exploratory,underpowered
19,exploratory,underpowered
20,exploratory,underpowered
21,exploratory,underpowered
22,exploratory,underpowered
23,exploratory,underpowered
24,exploratory,underpowered
25,exploratory,underpowered
26,exploratory,underpowered
27,exploratory,fail
28,exploratory,fail
29,exploratory,fail
30,confirmatory,pass
31,confirmatory,fail
32,confirmatory,fail
33,exploratory,fail
34,exploratory,fail
35,confirmatory,inconclusive
36,exploratory,underpowered
37,exploratory,underpowered
38,exploratory,fail
39,exploratory,pass
40,exploratory,pass
41,exploratory,fail
42,exploratory,inconclusive
43,confirmatory,pass
44,confirmatory,fail
45,confirmatory,underpowered
46,confirmatory,underpowered
47,exploratory,inconclusive
48,exploratory,underpowered
49,exploratory,pass
50,exploratory,fail
51,confirmatory,unrecorded
52,confirmatory,pass
53,confirmatory,fail
54,confirmatory,fail
55,confirmatory,underpowered
56,confirmatory,unrecorded
57,exploratory,fail
58,exploratory,fail
59,exploratory,pass
60,exploratory,pass
61,exploratory,pass
62,confirmatory,fail
63,confirmatory,pass
64,exploratory,inconclusive
65,confirmatory,unrecorded
66,confirmatory,unrecorded
67,exploratory,fail
68,exploratory,fail
69,exploratory,inconclusive
70,exploratory,fail
71,exploratory,fail
72,exploratory,unrecorded
73,exploratory,unrecorded
74,exploratory,pass
75,confirmatory,unrecorded
