day,bet_token,stored_arm,match_known_formula
44,B6b1ba17e62,ARM_BET,0
45,B9c3deb3974,ARM_BET,1
45,Bf5e57c88a2,ARM_HOLD,1
45,B655f13810a,ARM_HOLD,1
45,Be10b572a3c,ARM_BET,1
45,B8b011878a1,ARM_HOLD,1
45,B40fddd17e8,ARM_HOLD,1
45,B9737414fcc,ARM_HOLD,1
45,B71367081ab,ARM_HOLD,1
45,Beaaf10b2a0,ARM_HOLD,0
45,B5e72caf9d0,ARM_HOLD,0
45,B0f487380a8,ARM_BET,1
45,Be639c68062,ARM_HOLD,0
45,Be9cbbe5848,ARM_HOLD,1
45,B4ea66993c9,ARM_HOLD,0
45,B15591a9e8c,ARM_HOLD,0
45,B6e73913a25,ARM_BET,0
45,B56f78bb2f7,ARM_HOLD,0
45,B5ac2847c06,ARM_HOLD,1
45,B37f1938019,ARM_BET,0
45,B2e41280cd4,ARM_HOLD,1
45,Be7eab5c736,ARM_BET,0
45,B6816c96cda,ARM_BET,0
45,Bdbb078bc7e,ARM_HOLD,1
45,B5a4d3af812,ARM_BET,1
45,Babed7be1bc,ARM_BET,1
45,B074db7b101,ARM_HOLD,0
45,Bd8ba0b0ac5,ARM_HOLD,0
45,B40a9004fee,ARM_HOLD,0
45,Bef7bfee087,ARM_BET,0
45,B927fa1a994,ARM_HOLD,0
45,Bb0667124ca,ARM_BET,0
45,B22fd1a8223,ARM_HOLD,0
45,Bca15ef4c24,ARM_BET,0
45,Bfbf490194d,ARM_BET,0
45,B3114aa0f33,ARM_HOLD,0
45,Bccc6401dbc,ARM_HOLD,1
45,B449ff718c0,ARM_HOLD,0
45,Bf44d38c29c,ARM_BET,0
45,B2fb19c1df7,ARM_HOLD,0
45,Bad90538536,ARM_HOLD,1
45,Ba616007592,ARM_HOLD,0
45,B2229cf2b30,ARM_BET,1
45,B1a8afa177e,ARM_BET,1
45,B08de2f2378,ARM_HOLD,0
45,B53ef9ee419,ARM_HOLD,1
45,Bee080f4229,ARM_BET,0
45,Bd3d713faad,ARM_BET,0
45,B4b4b8435bc,ARM_HOLD,0
45,B491a4a84fc,ARM_HOLD,1
45,Bf5da1fd341,ARM_HOLD,0
45,Bac88448611,ARM_HOLD,1
45,B9aaa52461c,ARM_BET,1
45,B82b431e5d9,ARM_BET,0
45,B8d2efd714a,ARM_HOLD,1
45,Bfeb19313ae,ARM_BET,1
45,B8cb754d33f,ARM_HOLD,0
45,B3d3e216634,ARM_HOLD,1
45,Bba566b2a78,ARM_HOLD,0
45,B69b520c2c8,ARM_HOLD,1
45,Bdb5867a7ed,ARM_BET,1
45,Ba6030802ac,ARM_BET,1
45,Bafb0ff330f,ARM_BET,0
45,Bbab006f5e6,ARM_BET,1
45,Bfe87a3171c,ARM_BET,0
45,B0e8ed09314,ARM_BET,0
45,Be8ddf4dba0,ARM_BET,1
45,Bcd0265b027,ARM_BET,1
45,B6858042b78,ARM_HOLD,1
45,B3630e5c938,ARM_HOLD,1
45,B38a14cfa66,ARM_HOLD,1
45,B3327381b45,ARM_HOLD,0
45,B6d88c1656a,ARM_HOLD,1
45,B4b81198286,ARM_BET,0
45,B51ea49c99e,ARM_HOLD,0
45,Bc94b50a549,ARM_BET,0
45,Bf714f67911,ARM_HOLD,0
45,Bc34b368322,ARM_HOLD,0
45,Be7f0228941,ARM_HOLD,1
45,Bb520fee56d,ARM_BET,1
45,Bd0d13e3d8a,ARM_BET,0
45,Bdef255e98f,ARM_BET,1
45,Be32d1df749,ARM_HOLD,0
45,Bf237b33b81,ARM_BET,0
45,Be82a14beb6,ARM_HOLD,0
45,B445ff16bcc,ARM_HOLD,1
45,B83dccf4101,ARM_HOLD,1
45,B31cbf94c35,ARM_BET,1
45,B7d67b5fc8b,ARM_HOLD,0
45,B0f605c6476,ARM_BET,0
45,B989e38dd62,ARM_BET,1
45,Bb928b83bda,ARM_BET,1
45,B2a3251fe79,ARM_HOLD,1
45,B1e921817a3,ARM_BET,1
45,Bc69e3f0ff3,ARM_BET,0
45,Bd0c6df955f,ARM_BET,0
45,Bcd05744c5e,ARM_HOLD,1
45,Bf745800f89,ARM_BET,0
45,Bbced3900c9,ARM_HOLD,0
45,B62476b4873,ARM_BET,0
45,Bddef9e8c20,ARM_HOLD,1
45,B24114d17b6,ARM_HOLD,1
45,B9192558ede,ARM_HOLD,1
45,B6eac82a783,ARM_HOLD,1
45,B67974ceec9,ARM_BET,1
45,Bc7ab23ed09,ARM_BET,0
45,B469ad314be,ARM_HOLD,0
45,B9e47131ff1,ARM_BET,1
45,B509b73dfb2,ARM_BET,1
45,B7bcc54b941,ARM_HOLD,0
45,B6e4ec30e85,ARM_BET,1
45,B8087da00df,ARM_HOLD,1
45,B40abd8e1a1,ARM_BET,0
45,B58a962e4c1,ARM_BET,0
45,Bd73ef5c168,ARM_HOLD,0
45,B0ff4a25c5a,ARM_BET,1
45,B1f375b54bd,ARM_HOLD,0
45,B7ab0ba3124,ARM_HOLD,1
45,B7370ee7c02,ARM_HOLD,0
45,B39cf403c03,ARM_BET,1
45,B05876ec89b,ARM_BET,1
45,B2bab2655c7,ARM_HOLD,1
45,Ba31114f3af,ARM_HOLD,0
45,Bc088682b7c,ARM_HOLD,1
45,Bfdb0b776aa,ARM_HOLD,1
45,Ba327e3e5b2,ARM_HOLD,0
45,Bd096756a9c,ARM_BET,0
45,B79a0c1c401,ARM_BET,0
45,Bbda98af100,ARM_HOLD,1
45,Bdc192d0bf7,ARM_BET,1
45,Bf4d40fc305,ARM_HOLD,1
45,Bcd8702977b,ARM_HOLD,1
45,Ba3dbb8806d,ARM_BET,1
45,B7d39f2d11f,ARM_HOLD,1
45,Bbb1ad1c5dc,ARM_HOLD,0
45,B0881e1da3d,ARM_HOLD,0
45,B5ad467c347,ARM_BET,0
45,B8e8f9e8d55,ARM_HOLD,1
45,B7517278713,ARM_BET,0
45,B91ea5ae00a,ARM_HOLD,0
45,B6f11319886,ARM_HOLD,1
45,B03a84088fa,ARM_BET,1
45,B9a56bccc28,ARM_HOLD,1
45,Bbd101a3e32,ARM_BET,1
45,B6fdd2f1af8,ARM_HOLD,1
45,Baf45c49cc7,ARM_HOLD,1
45,B691f6e8c95,ARM_HOLD,1
45,B161e7b1bc7,ARM_HOLD,0
45,B4798da9a08,ARM_HOLD,1
45,B0ef5cb0ca7,ARM_BET,1
45,B6fa2abaacd,ARM_HOLD,1
45,B01bc40fc6c,ARM_HOLD,1
45,Ba088fe3525,ARM_BET,0
45,Bed155f3cc5,ARM_HOLD,0
45,B560eea502e,ARM_BET,1
45,Bb4d021d277,ARM_BET,1
45,B3083e1a08b,ARM_HOLD,1
45,Ba213f6f802,ARM_HOLD,1
45,B55cf2591bb,ARM_BET,1
45,Bbc76ad1707,ARM_BET,0
45,Bba71c3adc0,ARM_BET,1
45,Bb4987c17c9,ARM_HOLD,0
45,B5451fbdac6,ARM_BET,0
45,B176713e507,ARM_BET,0
45,Bf81f0c032d,ARM_BET,1
45,B28c145dc1f,ARM_HOLD,1
45,B7e1e7168cf,ARM_HOLD,0
46,Bb17f2c64dc,ARM_HOLD,1
46,Bba3fd7e8f8,ARM_BET,1
46,B9b3789ebca,ARM_HOLD,0
46,B09e50fe27a,ARM_BET,1
46,Bfb6687c39b,ARM_BET,0
46,B7d0eedc088,ARM_BET,1
46,B3f14934632,ARM_HOLD,0
46,B45eb04dd23,ARM_HOLD,1
46,B7f4756c6c6,ARM_HOLD,1
46,B80c7672b35,ARM_HOLD,0
46,B283e9b4b18,ARM_HOLD,0
46,B7da6f16d43,ARM_HOLD,1
46,B50e38de19f,ARM_BET,0
46,Bdd3337684a,ARM_BET,0
46,B466de37f6f,ARM_BET,1
46,B77eb8304ef,ARM_BET,1
46,Bfb6e203a39,ARM_HOLD,1
46,B7b30c7d88e,ARM_BET,1
46,B8ee22b4df2,ARM_HOLD,0
46,Beb8f26c5f8,ARM_HOLD,0
46,B330aaaf529,ARM_BET,1
46,B1e4935239d,ARM_BET,1
46,B6ca71d52c7,ARM_HOLD,1
46,Bf8aad6d135,ARM_HOLD,0
46,Bc15ee110a0,ARM_HOLD,1
46,B2b2ab2eac7,ARM_HOLD,0
46,B062137ab86,ARM_HOLD,0
46,B6d1363e2df,ARM_HOLD,0
46,B7e844f71f7,ARM_HOLD,0
46,B9cbdf9dbe6,ARM_HOLD,1
46,Bf229f9c566,ARM_BET,0
46,Bf7cc232358,ARM_BET,0
46,Bac097f06a5,ARM_BET,1
46,Bc83b6366ef,ARM_HOLD,1
46,B11ac9b0166,ARM_HOLD,0
46,B3812bf4da2,ARM_BET,1
46,B120849dadd,ARM_HOLD,0
46,B4f22377fd6,ARM_HOLD,1
46,B83225e5f55,ARM_BET,0
46,B4d86a795e8,ARM_HOLD,0
46,B0eb88415f9,ARM_BET,0
46,B13c8085f47,ARM_HOLD,1
46,B96e76b2e1c,ARM_HOLD,0
46,Ba2cb471572,ARM_HOLD,1
46,B905e1eb27f,ARM_BET,1
46,B12af78a572,ARM_HOLD,0
46,B63d4698e27,ARM_BET,0
46,B655df0b48b,ARM_BET,0
46,B17559b38e0,ARM_BET,0
46,B29dcc24a56,ARM_BET,0
46,B060764de46,ARM_HOLD,1
46,Bbae8d69ac2,ARM_BET,0
46,Baac2a6d6b0,ARM_HOLD,0
46,Bfd4646f447,ARM_BET,0
46,B2cddef5f62,ARM_BET,0
46,B88976a2625,ARM_BET,1
46,B4652ed85b8,ARM_HOLD,1
46,B664a6edb9b,ARM_BET,0
46,Bbcbfba7053,ARM_BET,1
46,Bf608bbb535,ARM_HOLD,1
46,B6d852fd0d6,ARM_HOLD,1
46,Bd8447d8d13,ARM_BET,0
46,B28ed6c3fcf,ARM_HOLD,1
46,Bc3e70dc47e,ARM_HOLD,1
46,B8fb16f2f5c,ARM_BET,1
46,B52413afa09,ARM_BET,0
46,B67be21d556,ARM_HOLD,0
46,B11f273708a,ARM_BET,1
46,Bc46643301b,ARM_HOLD,0
46,B615cb10003,ARM_HOLD,1
46,Bb38d10b3d8,ARM_BET,0
46,Ba801c93b5d,ARM_BET,1
46,Be9607f03ac,ARM_BET,1
46,Bf2b02e9766,ARM_HOLD,1
46,B2c22404dcb,ARM_BET,0
46,B5841aabadf,ARM_HOLD,0
46,Bf6efcb1445,ARM_BET,0
46,B89e9a4654b,ARM_HOLD,1
46,Ba49d843c80,ARM_BET,1
46,Bd6d51cf416,ARM_HOLD,1
46,Bf0a5a8be33,ARM_BET,0
46,Bbf5444f998,ARM_HOLD,0
46,B5603512b6f,ARM_HOLD,0
46,Bcba2ffa095,ARM_HOLD,0
46,B09cbb445d4,ARM_HOLD,0
46,B4a4aaa0af9,ARM_BET,1
46,B4a0bf990bb,ARM_HOLD,1
46,B03622336e3,ARM_HOLD,1
46,Ba6aee6d28e,ARM_HOLD,1
46,Bf481b7ddfb,ARM_BET,1
46,Bceac096e91,ARM_BET,0
46,Bd76e9f9833,ARM_BET,0
46,B0ff82f86ff,ARM_BET,1
46,B3f15434403,ARM_HOLD,0
46,B51c447595d,ARM_HOLD,0
46,B500d4f21ad,ARM_HOLD,1
46,B417b645f5f,ARM_HOLD,0
46,B1526019f0b,ARM_HOLD,0
46,B7536382e04,ARM_HOLD,0
46,Be68088afbb,ARM_HOLD,1
46,B57bc2a665c,ARM_BET,1
46,Beb046dd12a,ARM_HOLD,0
46,B3696df8db8,ARM_BET,1
46,Bfa615dc2ba,ARM_BET,1
46,B96d1a1ce24,ARM_BET,0
46,Baf32279dd4,ARM_BET,0
46,Babee533bca,ARM_HOLD,1
46,Be7263cb9f1,ARM_BET,1
46,Bc6db7772d9,ARM_HOLD,0
46,B950c7f414d,ARM_HOLD,0
46,Baffa84c655,ARM_HOLD,1
46,Bfcf68c197d,ARM_BET,1
46,B22655a3595,ARM_BET,1
46,B3dd6442b6b,ARM_HOLD,0
46,B9b2235b6f6,ARM_BET,1
46,B99ffb36633,ARM_HOLD,0
46,Bd92f052814,ARM_BET,1
46,B9d245b9b71,ARM_HOLD,1
46,Bd7e4030970,ARM_HOLD,0
46,Bbcf5bbd8d1,ARM_BET,1
46,B3ae8df7287,ARM_BET,0
46,B6013d1018b,ARM_BET,1
46,B97aed73939,ARM_BET,0
46,B50e4770e34,ARM_BET,0
46,Bfc717a8011,ARM_BET,0
46,Bed7a6982fa,ARM_HOLD,0
46,Be3793acfe1,ARM_HOLD,0
46,Bab191e4b27,ARM_HOLD,0
46,Bb1a8ec7d73,ARM_HOLD,0
46,B197f4a66da,ARM_HOLD,1
46,Beedfb044cd,ARM_BET,0
46,B7308df73a3,ARM_BET,0
46,Bb6e0505267,ARM_HOLD,1
46,B82ab38bc45,ARM_BET,0
46,B42dedcee35,ARM_BET,0
46,Baa2b9dee3b,ARM_BET,1
47,B783d5e53df,ARM_BET,1
47,B2e42dd591c,ARM_HOLD,1
47,B9a623abd23,ARM_BET,1
47,B09b046eec7,ARM_HOLD,1
47,Bab60b665eb,ARM_BET,0
47,B1e2953c03a,ARM_BET,1
47,Bc6eb56cd26,ARM_BET,0
47,B36cf2e8392,ARM_HOLD,0
47,B8f976e8f80,ARM_HOLD,0
47,Ba6acc6ee91,ARM_HOLD,0
47,B2db3e121c6,ARM_HOLD,1
47,Be756455dbc,ARM_BET,1
47,B906d6b7555,ARM_BET,1
47,Bb5e512c852,ARM_BET,1
47,B913def1196,ARM_HOLD,1
47,B6aa28e371f,ARM_BET,1
47,Bc3c5a9c6de,ARM_BET,1
47,Beb52c03adc,ARM_BET,0
47,B1e63ee55f9,ARM_BET,0
47,B9d9acc17a0,ARM_BET,0
47,Bcc940847c4,ARM_HOLD,1
47,B058ff57168,ARM_HOLD,0
47,Be96e1aed75,ARM_BET,1
47,Bbfb7ae6ede,ARM_BET,1
47,Bc1b33a8cef,ARM_BET,0
47,B76f7b6790c,ARM_HOLD,0
47,B5397a3a190,ARM_BET,1
47,Bf679fd3aa1,ARM_BET,0
47,B9ade447d4e,ARM_BET,1
47,B70c76f4f69,ARM_BET,0
47,B4ca3533f63,ARM_BET,0
47,B48be316c74,ARM_HOLD,1
47,B185248a7a1,ARM_HOLD,0
47,B3a979b709d,ARM_HOLD,0
47,Bdf865f5467,ARM_BET,1
47,B30746967e9,ARM_HOLD,1
47,B9f995e6738,ARM_HOLD,1
47,Bea14c6f0ba,ARM_HOLD,1
47,B768f44245e,ARM_BET,1
47,B629a955d51,ARM_BET,1
47,B921fb506e2,ARM_HOLD,0
47,B50755417bf,ARM_HOLD,0
47,B259159f5e1,ARM_HOLD,1
47,B6010eee217,ARM_BET,0
47,B08fd67c1ee,ARM_HOLD,1
47,B28cb3bb34e,ARM_BET,0
47,B1eb8f9ac47,ARM_BET,0
47,B533eee3e04,ARM_BET,0
47,Bf631dc8a6d,ARM_BET,1
47,Ba8e5e35dda,ARM_HOLD,1
47,B1780e9dc48,ARM_BET,1
47,Ba15c91ebf2,ARM_BET,1
47,B1f9e60314d,ARM_HOLD,1
47,B44d8a527df,ARM_BET,1
47,Bba2db1831c,ARM_HOLD,1
47,B99b8dc64a5,ARM_HOLD,0
47,Bdee0976c3b,ARM_BET,1
47,B3093fe1f69,ARM_HOLD,1
47,Bafa2860f0b,ARM_BET,1
47,Bc7733d50a2,ARM_BET,1
47,Ba8e7e6b5f6,ARM_HOLD,1
47,B300a1abf86,ARM_HOLD,0
47,B54bfd3e890,ARM_HOLD,1
47,B9471934da9,ARM_BET,0
47,B4298e5f7cc,ARM_BET,0
47,B3e47547b56,ARM_HOLD,1
47,Ba907e64379,ARM_HOLD,0
47,Bb637e25f03,ARM_BET,0
47,B5d60433d36,ARM_BET,1
47,Bbfa3079a02,ARM_BET,1
47,B6621f0486a,ARM_BET,0
47,B00b2050119,ARM_HOLD,1
47,B1768eb29d8,ARM_HOLD,0
47,B93b6b6b8e3,ARM_HOLD,0
47,B7a19dd56bd,ARM_BET,0
48,B9643fe8a44,ARM_BET,0
48,Bb8ce015004,ARM_HOLD,0
48,B803ff229f5,ARM_BET,0
48,B8ead82b2fe,ARM_BET,1
48,B76d30864cd,ARM_BET,1
48,Bc13c2233f9,ARM_BET,0
48,Bb2d44dd92d,ARM_BET,0
48,B2ae2c684bd,ARM_HOLD,1
48,B67f5e1d997,ARM_HOLD,1
48,Bfcaa84d2ae,ARM_HOLD,0
48,Be425d74b0a,ARM_HOLD,0
48,Bcfb0df6008,ARM_BET,0
48,B4899b6b1c3,ARM_BET,1
48,B311f13bdfb,ARM_HOLD,0
48,B3e64eeda94,ARM_HOLD,1
48,B1bd29cf6c6,ARM_BET,1
48,Be71a3a8148,ARM_HOLD,1
48,Bc57ed7d8dd,ARM_HOLD,1
48,B305420758c,ARM_BET,0
48,Bf00823979f,ARM_HOLD,1
48,Bf8beed2049,ARM_HOLD,1
48,B9e87b70490,ARM_HOLD,0
48,B511b5af483,ARM_BET,1
48,B1187220bc3,ARM_BET,1
48,B5a2c9bb724,ARM_BET,0
48,Bee4ce04bea,ARM_BET,1
48,B51b1e91e84,ARM_BET,0
48,Bf2354b7e82,ARM_BET,1
48,B339f158cdf,ARM_BET,1
48,Bb3eefa2926,ARM_BET,0
48,B371d8b0ea7,ARM_HOLD,0
48,B4a2a10eafb,ARM_HOLD,0
48,B7982586bfb,ARM_HOLD,0
48,B0155fb89e6,ARM_BET,0
48,B4d4bd5b023,ARM_HOLD,0
48,Bc0428cbe88,ARM_BET,1
48,B4903ae849e,ARM_BET,0
48,B00824e18ec,ARM_HOLD,1
48,B9b3b5b58fe,ARM_BET,1
48,Bea8722a3b2,ARM_HOLD,1
48,Bc7b6e20de9,ARM_HOLD,1
48,B3a54e1f017,ARM_BET,0
48,Be727b447cc,ARM_HOLD,1
48,B76b73e59b5,ARM_HOLD,1
48,B121ca50b4b,ARM_BET,0
48,B3bd5a5a20e,ARM_HOLD,0
48,B512d7b6062,ARM_BET,0
48,Bdfee40e894,ARM_HOLD,0
48,B4c976a22c3,ARM_BET,1
48,Bd3976718b1,ARM_HOLD,1
48,B7eeda444d1,ARM_HOLD,0
48,Bcb7231ffea,ARM_HOLD,0
48,B608544ccde,ARM_HOLD,0
48,Bdedae86413,ARM_BET,1
48,Bacefc02108,ARM_BET,0
48,B5c57a85488,ARM_HOLD,0
48,B0c24b68426,ARM_HOLD,0
48,B689aac6095,ARM_BET,0
48,B402e655867,ARM_BET,0
48,Bcf45c7d4c9,ARM_BET,0
48,Bf708735831,ARM_HOLD,0
48,Bbd5c0295e9,ARM_HOLD,0
48,Bdb0ebc3843,ARM_HOLD,1
48,B43a195e5dd,ARM_HOLD,1
48,Bc7a58c1251,ARM_BET,0
48,Be156db2e1c,ARM_HOLD,0
48,Be383da7d53,ARM_HOLD,1
48,Ba3d5f4e9ea,ARM_BET,0
48,Bafe2b69be7,ARM_HOLD,0
48,B309d08c82d,ARM_BET,0
48,B5002531f42,ARM_HOLD,0
48,B9c19c7e04d,ARM_HOLD,1
48,B7c90358c6b,ARM_BET,0
48,B36bdf2f60b,ARM_HOLD,1
48,B29406dead7,ARM_HOLD,1
48,B50404b17c9,ARM_HOLD,0
48,B612743dcf0,ARM_HOLD,0
48,Bd946c9c356,ARM_BET,1
48,Bc1311e9a06,ARM_BET,1
48,B6958a0a3d4,ARM_HOLD,0
48,B98901b849e,ARM_HOLD,0
48,B1305280230,ARM_BET,1
48,B2944f822e9,ARM_BET,1
48,Bdd3da3ce69,ARM_HOLD,0
48,B3cd82f652f,ARM_BET,1
48,Bb7d6c33601,ARM_BET,0
48,B747f2fc982,ARM_BET,0
48,B054600a849,ARM_BET,1
48,Bf7aafff78b,ARM_BET,0
48,Ba48726b533,ARM_BET,0
48,B6668ab79c5,ARM_HOLD,1
48,Bb9e0d06e8a,ARM_HOLD,0
48,B16da05144a,ARM_HOLD,1
48,B90454c556f,ARM_HOLD,0
48,B617180c669,ARM_HOLD,0
48,Befca65d887,ARM_BET,0
48,Be801770204,ARM_BET,1
48,Be789a9accd,ARM_BET,0
48,Bab09e96466,ARM_HOLD,0
49,Bf09e3b4ce8,ARM_HOLD,1
49,B57833699c5,ARM_BET,0
49,B9765476fd5,ARM_HOLD,0
49,Bcfdf4f96c1,ARM_BET,0
49,B6b14084acc,ARM_HOLD,0
49,B6bb4319ba5,ARM_HOLD,1
49,B5fe5e38600,ARM_BET,0
49,B5807523e90,ARM_HOLD,1
49,B1c3a8fe553,ARM_HOLD,0
49,Bd596d751f1,ARM_BET,1
49,Bb8006c1e80,ARM_HOLD,0
49,B015f922b57,ARM_HOLD,1
49,B1a8ef6d196,ARM_BET,0
49,Babbaab5a9b,ARM_BET,1
49,B5b54c4f602,ARM_BET,0
49,B7ed1410e17,ARM_BET,0
49,B8d7327ec9a,ARM_BET,0
49,B0eb02800d5,ARM_BET,1
49,Bf97dab9d3d,ARM_BET,1
49,Bbbd05724e4,ARM_HOLD,0
49,B45f92daba2,ARM_HOLD,0
49,Bd59edc08e2,ARM_BET,1
49,B5b6fca41ff,ARM_HOLD,0
49,B576f7afb75,ARM_HOLD,1
49,B0e718b6a47,ARM_HOLD,0
49,B3152ea87c2,ARM_BET,0
49,B5fd85d38c1,ARM_HOLD,1
49,B55aafe131f,ARM_BET,1
49,B3a6d2e7fa5,ARM_HOLD,1
49,B79c9be7ae9,ARM_BET,0
49,Bf7b5517fc6,ARM_BET,1
49,Bb0e7752077,ARM_HOLD,0
49,B0fc8f3372a,ARM_BET,1
49,B78977d9e52,ARM_HOLD,0
49,Bf47ac0b7d4,ARM_HOLD,1
49,B0ae83251b6,ARM_BET,1
49,B3e82da5bee,ARM_BET,1
49,B31b82a3e70,ARM_BET,0
49,B2f791f3b32,ARM_HOLD,0
49,B898a4dde05,ARM_BET,1
49,B3cb3903718,ARM_BET,1
49,Bdc09c2f54a,ARM_BET,1
49,Bb0726ba915,ARM_BET,1
49,B99ae947851,ARM_BET,1
49,B67f2ee9013,ARM_HOLD,0
49,B8d3bba435d,ARM_HOLD,1
49,B363ea9822c,ARM_HOLD,1
49,Bdf9b67694c,ARM_BET,1
49,B2423964236,ARM_BET,1
49,B03a849db91,ARM_HOLD,0
49,Bbd4aefb611,ARM_BET,1
49,Bc2b5471320,ARM_HOLD,0
49,B7303f108c6,ARM_BET,0
49,B5ca6884538,ARM_HOLD,1
49,B2e7a413b8a,ARM_BET,1
49,B052afbd04e,ARM_HOLD,0
49,B146cdb42bc,ARM_HOLD,0
49,Be3339d7565,ARM_BET,0
49,Bce981abf6d,ARM_BET,1
49,Bfddb440aa8,ARM_BET,0
49,B159e21971c,ARM_HOLD,0
49,Bfd4e8e9136,ARM_HOLD,1
49,B41f9017dc9,ARM_BET,0
49,B180468eb8b,ARM_BET,0
49,B9ac90ccce6,ARM_BET,0
49,B4b7de1e5db,ARM_BET,0
49,B6a2f46c0c1,ARM_HOLD,0
49,B597a795d93,ARM_BET,0
49,B48a005deb1,ARM_HOLD,0
49,B85905b2102,ARM_BET,1
49,B4f26aae91a,ARM_HOLD,0
49,B6390eeed17,ARM_HOLD,1
49,B06d2d0b7ec,ARM_HOLD,1
49,Be77d7cb373,ARM_BET,1
49,Bf7dd47215c,ARM_BET,1
49,Bfd96c6d91d,ARM_BET,0
49,Bce339aa68d,ARM_HOLD,0
49,Bed55bd6679,ARM_BET,0
49,B92b579c3d8,ARM_HOLD,1
49,B8f133a7fa3,ARM_BET,0
49,B7cffd99154,ARM_HOLD,0
49,B4917ac97f9,ARM_BET,0
49,Be8e3cf5a66,ARM_HOLD,1
49,Bbfd717963f,ARM_BET,0
49,Ba3f102008d,ARM_HOLD,1
49,B3b93d7b449,ARM_BET,1
49,Bebe74ba0b6,ARM_BET,0
49,B0bb2791238,ARM_HOLD,0
49,Bb86104e269,ARM_HOLD,1
49,B2a8bcbf7e5,ARM_BET,1
49,Bbb1657570c,ARM_HOLD,0
49,B28b0983387,ARM_BET,1
49,B30c78d9d5d,ARM_HOLD,0
49,Ba3744a98cf,ARM_HOLD,1
49,Bba244a3420,ARM_BET,0
49,B55d437031a,ARM_BET,0
49,B46897b913b,ARM_HOLD,1
49,B0babe36ef4,ARM_BET,1
49,Bcc817f7c9d,ARM_HOLD,0
49,Ba279abc58c,ARM_HOLD,0
49,B41ee6e3f1b,ARM_HOLD,0
49,Be172d30d93,ARM_HOLD,0
49,B8ca7699a75,ARM_BET,0
49,Bba200ef685,ARM_HOLD,1
49,Bfc8f5a9d5d,ARM_HOLD,0
49,B9fa4746074,ARM_HOLD,0
49,B735f8d9542,ARM_BET,1
49,Bfde108426b,ARM_HOLD,1
49,Be53397ebe6,ARM_HOLD,0
50,B1f8db826e6,ARM_BET,0
50,B960e321001,ARM_BET,1
50,Bb993d4fc4c,ARM_BET,1
50,B2c81134e6e,ARM_BET,0
50,Bf6ebcbf02c,ARM_HOLD,0
50,Bf5ed637e35,ARM_BET,0
50,Bc67148a043,ARM_HOLD,0
50,B066f9cc769,ARM_HOLD,0
50,B775e1a43af,ARM_BET,1
50,Ba688152129,ARM_HOLD,0
50,B474ce53584,ARM_HOLD,0
50,B36c749df1f,ARM_HOLD,0
50,B8188da3dce,ARM_BET,0
50,B819bb7dd84,ARM_HOLD,0
50,B278981a963,ARM_BET,0
50,B93066b3909,ARM_HOLD,1
50,B176ea0307b,ARM_HOLD,0
50,B5a856752c3,ARM_BET,0
50,Bbe88ffd876,ARM_BET,1
50,B391703f06b,ARM_BET,0
50,B81602e7b60,ARM_BET,1
50,B22c0373a7f,ARM_HOLD,1
50,Bf8ac9b2ede,ARM_BET,1
50,B6fdf99209c,ARM_BET,1
50,B49c6187b9e,ARM_HOLD,1
50,Bc47a9d0567,ARM_BET,1
50,Ba14671a5f6,ARM_BET,1
50,Bfcf2cd9442,ARM_HOLD,0
50,B5c7b1c96ac,ARM_HOLD,0
50,B21385b32cb,ARM_BET,0
50,B0eabb214a2,ARM_HOLD,0
50,B967877452f,ARM_HOLD,0
50,B24eac58546,ARM_BET,0
50,B735c7cb325,ARM_HOLD,1
50,B27f73893db,ARM_BET,1
50,B45e5a8de1c,ARM_BET,0
50,B394afa0d97,ARM_BET,0
50,Bf7f991e000,ARM_BET,1
50,Bdb3515b60d,ARM_BET,1
50,B5e78d75982,ARM_HOLD,1
50,Bb77e26ff82,ARM_BET,0
50,B450b798ab7,ARM_BET,0
50,Bb9e398b98c,ARM_BET,0
50,Ba95cd15e3b,ARM_BET,0
50,B17a69adc0b,ARM_BET,1
50,B10fbb1a7f8,ARM_HOLD,0
50,Bd025451d3e,ARM_BET,0
50,B690320893c,ARM_BET,0
50,B3621d6da17,ARM_BET,0
50,B708e25d7b6,ARM_BET,0
50,B276d8fb327,ARM_BET,0
50,Bf54f443ae7,ARM_BET,0
50,Bd9859b21dd,ARM_BET,1
50,B3944c271cb,ARM_BET,1
50,B46c7d5e633,ARM_BET,1
50,Bf37c7ff87a,ARM_BET,1
50,B9744f3026f,ARM_HOLD,1
50,Be1395e6699,ARM_HOLD,1
50,B70459be0c1,ARM_HOLD,1
50,B0cfae8e1cb,ARM_HOLD,1
50,B30b9f5522e,ARM_HOLD,0
50,B6d9213aa8b,ARM_HOLD,1
50,B241da21847,ARM_HOLD,1
50,B609436f891,ARM_BET,1
50,Ba99ce89db6,ARM_BET,1
50,B6bd1907b35,ARM_HOLD,1
50,B381ef55f3c,ARM_BET,0
50,B83e07bc6a8,ARM_HOLD,0
50,B25c72c2884,ARM_HOLD,1
50,Bdfb4329f9b,ARM_BET,1
50,Be0ceaba8f5,ARM_BET,1
50,Bc1411a1f68,ARM_BET,1
50,B2dfaede47a,ARM_BET,0
50,B38e6649d98,ARM_BET,1
50,Bbde0ae162a,ARM_BET,0
50,B2788a64f2c,ARM_HOLD,1
50,B197e76b1ab,ARM_HOLD,1
50,B95bed2d7ca,ARM_HOLD,0
50,B2a65c0ea00,ARM_BET,1
50,B03d07e28f0,ARM_BET,1
50,Be2d93483c3,ARM_HOLD,1
50,Bd0be71436c,ARM_HOLD,0
50,Ba677dbd59d,ARM_HOLD,0
50,B4f8986bde0,ARM_HOLD,0
50,B65ffd287c4,ARM_BET,1
50,B5c8ee26bea,ARM_BET,0
50,B6d21c1269a,ARM_HOLD,1
50,B892d77d411,ARM_HOLD,1
50,B0252186ccf,ARM_HOLD,1
50,Bef4d5f6557,ARM_BET,1
50,B8dd34db3ee,ARM_BET,0
50,B72f56cb782,ARM_BET,1
50,B2b10159e51,ARM_HOLD,1
50,B8e45a51b4c,ARM_HOLD,1
50,B84fdd25176,ARM_BET,0
50,B9b100d71d9,ARM_HOLD,0
50,B986a807d9b,ARM_HOLD,0
50,Be077bbcebf,ARM_BET,0
50,Be5b36c776d,ARM_HOLD,0
50,B2a112173dd,ARM_BET,1
50,B430d70a0cb,ARM_BET,1
50,Ba90215d1ba,ARM_BET,1
50,Bbb3be9cb49,ARM_BET,1
50,Bd708e4d92f,ARM_HOLD,0
50,Bf4a218b36c,ARM_HOLD,0
50,B46ebf7eef2,ARM_BET,0
50,B75507949e2,ARM_BET,1
50,B13c5fa0d2a,ARM_BET,1
50,B8cfeb07974,ARM_HOLD,1
50,B8a7085430e,ARM_BET,0
50,B1e20516487,ARM_HOLD,1
50,B48f84198fb,ARM_BET,1
50,B8241c28eba,ARM_HOLD,0
50,Bdcdffa9350,ARM_HOLD,0
50,B77f1221cee,ARM_BET,0
50,B0a81a492d6,ARM_BET,0
50,Bf42dd55b33,ARM_BET,0
50,B1334a406a5,ARM_BET,0
50,Be25fec9409,ARM_HOLD,1
50,B8e72f52f9a,ARM_BET,1
50,B1c1b74dec2,ARM_HOLD,1
50,B90be8b6374,ARM_HOLD,1
50,B15c4c5a00d,ARM_BET,1
50,Bfa98c17c97,ARM_HOLD,1
50,B78bfd08720,ARM_HOLD,0
50,Ba2492b9246,ARM_HOLD,0
50,B8c047aadd6,ARM_BET,1
51,B8f3de772a8,ARM_HOLD,0
51,B25b85e64e6,ARM_HOLD,1
51,B92ec6f193a,ARM_HOLD,0
51,B29995cd192,ARM_BET,1
51,Bd6b4015dbf,ARM_BET,0
51,B6262be471a,ARM_HOLD,0
51,Bce13caa7f5,ARM_BET,1
51,B78ed0e8e09,ARM_BET,1
51,B646b5c1383,ARM_BET,0
51,Bb5f1253b0e,ARM_HOLD,1
51,Bc3ed5d5730,ARM_BET,0
51,B73f03c6cbb,ARM_HOLD,1
51,B1f861b5469,ARM_BET,1
51,B54f2ba5c93,ARM_BET,1
51,Bce7eb1b2e3,ARM_BET,1
51,B10d8cbd839,ARM_HOLD,0
51,Bca034ec76e,ARM_HOLD,0
51,Bdccc7ed13b,ARM_HOLD,1
51,B5f3a530c3a,ARM_HOLD,0
51,Bd02aad47a2,ARM_HOLD,1
51,Bcf4b3efcb3,ARM_HOLD,1
51,B3d3fda35ab,ARM_BET,0
51,B76e894d896,ARM_HOLD,1
51,B73d1fc6985,ARM_BET,1
51,Be90944d7c8,ARM_BET,0
51,Ba37575d7c7,ARM_HOLD,1
51,B4b8581154d,ARM_BET,0
51,B0b6a1d9c4f,ARM_BET,1
51,B9613110f5f,ARM_HOLD,0
51,B23939a8f98,ARM_BET,1
51,B14a7300b6b,ARM_BET,0
51,Bdcdc86f205,ARM_HOLD,1
51,Bde9f779a60,ARM_HOLD,0
51,B64c3128867,ARM_HOLD,1
51,B121039de3a,ARM_BET,0
51,Babec03d228,ARM_HOLD,1
51,B61dc788653,ARM_BET,1
51,B8b5ae43546,ARM_HOLD,0
51,B57d6d109a4,ARM_HOLD,0
51,B214b9c4ff7,ARM_HOLD,1
51,B8c51f86458,ARM_BET,0
51,Be59642badd,ARM_HOLD,0
51,Bb259708473,ARM_HOLD,1
51,Be1da40a8c3,ARM_HOLD,0
51,B2e55a8dd3f,ARM_HOLD,1
51,B7e6708b2d3,ARM_HOLD,1
51,B073b64907f,ARM_BET,1
51,B010b5a2f6d,ARM_HOLD,0
51,Bfac75ff1db,ARM_BET,1
51,Bed03c076bc,ARM_HOLD,1
51,B6f8174a10c,ARM_BET,0
51,Be6b28cb9fd,ARM_BET,1
51,Baef16418a1,ARM_HOLD,0
51,Bdaf9489430,ARM_BET,1
51,B37c2d95775,ARM_HOLD,1
51,B7e6708b2d3,ARM_HOLD,1
51,B1e239ea268,ARM_HOLD,1
51,B073b64907f,ARM_BET,1
51,Bffd9287f7b,ARM_BET,0
51,Bac180c1403,ARM_HOLD,0
51,B127dad44e2,ARM_HOLD,1
51,B6b5b2da6e1,ARM_BET,0
51,B576a6a66b7,ARM_HOLD,0
51,B612580bc47,ARM_HOLD,0
51,Bba40f55ce7,ARM_HOLD,1
51,B0d0b442e52,ARM_BET,0
51,B471e775d91,ARM_HOLD,0
51,B684ecb54f9,ARM_BET,0
51,Bf25858ada2,ARM_BET,1
51,B8d514cb877,ARM_HOLD,0
51,B333a062543,ARM_BET,0
51,B2e55a8dd3f,ARM_HOLD,1
51,B69a793988d,ARM_HOLD,1
51,B078f52b9ba,ARM_BET,0
51,Bd1fd71f422,ARM_BET,0
51,B1cce09494b,ARM_HOLD,1
51,Bfa895dbfb4,ARM_HOLD,1
51,B8d8975eac3,ARM_BET,1
51,B0b00bfa008,ARM_BET,0
51,B0b09719f20,ARM_HOLD,1
51,B8b7d9b45f4,ARM_BET,1
51,B712d44480e,ARM_HOLD,1
51,Bfd0666e058,ARM_HOLD,1
51,B23d037a614,ARM_BET,1
51,B53138ea6aa,ARM_BET,1
51,B3ff7932cdd,ARM_BET,1
51,B9175f4d8a4,ARM_BET,1
51,B3e6db0a192,ARM_HOLD,1
51,B84af671256,ARM_BET,1
51,Bb734b5b7c1,ARM_BET,1
51,Be836be298b,ARM_HOLD,1
51,B9da2d2bf40,ARM_HOLD,0
51,B758032de65,ARM_BET,0
51,B4f9224a232,ARM_HOLD,0
51,Bac00305f0c,ARM_BET,1
51,Bf4a922340c,ARM_HOLD,0
51,B8523b440f4,ARM_BET,1
51,Bfc88e9f124,ARM_HOLD,0
51,B8cbf6fc699,ARM_HOLD,1
51,B6eed590320,ARM_HOLD,1
51,Bd7e5680aab,ARM_BET,0
51,Bd101f8b582,ARM_BET,1
51,B2000db3509,ARM_BET,1
51,B820fd868f2,ARM_HOLD,1
51,Bea835d53b7,ARM_HOLD,1
51,Bbb802e1871,ARM_HOLD,0
51,B8fc6bb17fd,ARM_HOLD,0
51,B355881e5cb,ARM_HOLD,1
51,B793328cf98,ARM_HOLD,1
51,B2932b00c17,ARM_HOLD,1
51,B55bdd8d08f,ARM_BET,1
51,B68981bcd46,ARM_BET,0
51,Bd8de862cbb,ARM_BET,0
51,B638cb1d75d,ARM_BET,0
51,Bd0005211c7,ARM_HOLD,0
51,B2c54ef28c1,ARM_HOLD,0
51,Bb5308f5cb1,ARM_HOLD,0
51,B7989008137,ARM_BET,0
51,B9b14903e3a,ARM_BET,0
51,B49b17e45ca,ARM_HOLD,0
51,B7c5cfed007,ARM_BET,1
51,Ba65628f587,ARM_BET,1
52,Bc2622b0c1f,ARM_BET,0
52,Bdf7dccbbd9,ARM_HOLD,0
52,B96c93b8f7c,ARM_HOLD,1
52,B74fde3f381,ARM_BET,0
52,B86e07a13f5,ARM_BET,0
52,B77a60249e4,ARM_BET,0
52,B66ada1f630,ARM_BET,1
52,B0ed4ac64c8,ARM_BET,0
52,B3a4d5ab21d,ARM_BET,1
52,B563a82aa54,ARM_BET,1
52,Bc8539d65c9,ARM_BET,0
52,B00a66ec919,ARM_HOLD,1
52,B156eb73d45,ARM_BET,1
52,Bfc7a25a265,ARM_BET,1
52,B69d4099e40,ARM_HOLD,1
52,B14a88ed9c8,ARM_HOLD,1
52,Befe75fe2ea,ARM_HOLD,1
52,B65110ec5ff,ARM_BET,0
52,B427b50ac44,ARM_BET,0
52,Be6a49afd4b,ARM_HOLD,1
52,Bb687b5141a,ARM_BET,1
52,Bbb89e9068b,ARM_BET,1
52,B2d29a73584,ARM_HOLD,0
52,B0dc569cb5d,ARM_HOLD,1
52,B7d03e32032,ARM_HOLD,1
52,Ba4a0607b58,ARM_HOLD,1
52,B29e0f84930,ARM_BET,0
52,B7341101d06,ARM_HOLD,0
52,Ba6af8ba12e,ARM_BET,1
52,B5fea5e3ab6,ARM_BET,1
52,B76abc5d762,ARM_BET,1
52,B04008abde1,ARM_HOLD,0
52,B973544acff,ARM_BET,1
52,Be069fd8c9c,ARM_HOLD,1
52,B91a6b06077,ARM_BET,0
52,Bbecc47ef7e,ARM_BET,1
52,Bcbd74d9ffa,ARM_HOLD,1
52,B26a85c999e,ARM_HOLD,1
52,B4fb5eada68,ARM_BET,1
52,B087c8f2b05,ARM_BET,0
52,B9dd5517402,ARM_HOLD,0
52,B21709d560f,ARM_HOLD,1
52,B23add9e688,ARM_HOLD,1
52,B21bd5ebdbf,ARM_BET,0
52,B6dfa78dd11,ARM_HOLD,1
52,B7fe9687671,ARM_HOLD,1
52,B933ee447b9,ARM_HOLD,0
52,B55a7c85f28,ARM_HOLD,0
52,B5fa83f97cd,ARM_HOLD,1
52,Ba92eeba8ef,ARM_BET,1
52,B824a8af717,ARM_HOLD,1
52,Bf96de36241,ARM_HOLD,0
52,B37bdf09739,ARM_BET,1
52,B19332af31c,ARM_HOLD,1
52,B7b6b2632d8,ARM_HOLD,1
52,B0cfb371220,ARM_HOLD,1
52,B78c1349951,ARM_BET,1
52,B749045256d,ARM_BET,0
52,B7291ea10ab,ARM_BET,0
52,B5220fbe2a0,ARM_HOLD,0
52,B155d30baac,ARM_HOLD,0
52,B689c12b45e,ARM_HOLD,0
52,B730eaa8bf8,ARM_HOLD,1
52,B840254a45e,ARM_HOLD,0
52,B733dd71adf,ARM_HOLD,1
52,B9579424be4,ARM_BET,1
52,Bb6e31c41c0,ARM_HOLD,0
52,Baedf1e68f9,ARM_BET,0
52,Bd4ba6c909a,ARM_BET,0
52,B75fa1b42a1,ARM_BET,1
52,B621a99f7ae,ARM_BET,0
52,B00b22d371d,ARM_BET,1
52,B4e1375caa7,ARM_HOLD,1
52,B833a5f729f,ARM_BET,1
52,B980cb5c693,ARM_BET,1
52,B955e26e000,ARM_HOLD,0
52,B6ccc80d5df,ARM_HOLD,0
52,B011e53c8d5,ARM_BET,0
52,B7e615c884a,ARM_HOLD,0
52,B8726567f61,ARM_BET,1
52,Bb10f6425fd,ARM_HOLD,1
52,Bdf08cfdfbc,ARM_HOLD,1
52,Ba9c52faee9,ARM_BET,1
52,B1ab194d524,ARM_BET,0
52,B83322e5875,ARM_BET,1
52,Bd62d295ad7,ARM_HOLD,0
52,B4f9d6375df,ARM_HOLD,1
52,B78c86466d7,ARM_BET,0
52,B606ad61004,ARM_BET,1
52,Bf4a916e20c,ARM_BET,0
52,B6c6e5d3b0f,ARM_HOLD,0
52,B2c5ab16544,ARM_BET,1
52,B1f8e082775,ARM_BET,1
52,Bc8b2f6b1f2,ARM_HOLD,0
52,Bdf454a2545,ARM_BET,1
52,Bee430b187c,ARM_HOLD,0
52,B5dbe48867a,ARM_HOLD,0
52,B541d219a1d,ARM_BET,0
52,B07decf8386,ARM_HOLD,0
52,B138487bfcf,ARM_HOLD,1
52,B897f8f6990,ARM_BET,1
52,B84eb39804d,ARM_HOLD,0
52,B7c68dcfaec,ARM_HOLD,1
52,B74400bc043,ARM_BET,1
52,B0090889567,ARM_BET,1
52,Bc8b2f6b1f2,ARM_HOLD,0
52,B892672095a,ARM_BET,1
52,B91efabdf37,ARM_BET,0
52,Be45946c9bb,ARM_HOLD,0
52,B5caab081dd,ARM_BET,0
52,Bb812322e18,ARM_BET,1
52,B6ec423e759,ARM_BET,0
52,B92eb7e183b,ARM_BET,0
52,B1f52e94c7d,ARM_HOLD,0
52,B734831fa37,ARM_BET,0
52,B181e66c942,ARM_HOLD,0
52,Bae7a4242e2,ARM_HOLD,1
52,Ba5f43f1511,ARM_BET,0
52,B3e5591fd26,ARM_HOLD,1
52,B9da5121192,ARM_BET,0
52,Bea8b59dfe5,ARM_BET,1
52,B206dcb1cc6,ARM_HOLD,0
52,Bcdb07f38cc,ARM_BET,0
52,B56fec87257,ARM_HOLD,0
52,B16a510b178,ARM_HOLD,1
52,B56036e9674,ARM_BET,0
52,Bb13c247655,ARM_BET,0
52,B34bc47e4e9,ARM_HOLD,1
52,Bc947c5b053,ARM_BET,0
52,B3097d97ed0,ARM_HOLD,0
52,B138395641d,ARM_BET,1
52,Bce73c776ab,ARM_HOLD,1
52,B512a3d8025,ARM_HOLD,1
52,B56a03b6e42,ARM_BET,0
52,Baffb809c2c,ARM_BET,0
52,B7bb5b6c5d3,ARM_BET,0
52,B784c6cecdb,ARM_BET,1
52,Bde28d47bc1,ARM_BET,0
52,Bc0b090746a,ARM_HOLD,0
52,B7a9e7a1756,ARM_HOLD,1
52,B1c1278f814,ARM_HOLD,0
52,B3ab2857d86,ARM_HOLD,0
52,B26be9b0b2d,ARM_BET,1
52,B76ffe41ed6,ARM_HOLD,0
52,Be1d2708f86,ARM_BET,1
52,B371ff50e9f,ARM_HOLD,0
52,B58799978a8,ARM_HOLD,0
52,B3a39406060,ARM_BET,1
52,B40b222e352,ARM_BET,1
52,B82d9c6c1aa,ARM_HOLD,1
52,Bbcc783725d,ARM_BET,1
52,B040ad3e796,ARM_HOLD,1
52,Bb2eeb60651,ARM_BET,1
52,Bff435bcda5,ARM_HOLD,1
52,B410b5e4f31,ARM_HOLD,0
52,Ba764d3e23b,ARM_HOLD,0
52,Ba79b435e2f,ARM_HOLD,1
52,B62ecdcf3c6,ARM_HOLD,1
52,Bbe393a3540,ARM_HOLD,1
52,B3958083788,ARM_HOLD,1
52,Bb9320ac247,ARM_BET,1
52,B251d778f80,ARM_HOLD,1
52,B0335dbf955,ARM_HOLD,0
52,B40d78b133d,ARM_BET,1
52,Baa585721c6,ARM_HOLD,1
52,Bf6c4836d0d,ARM_BET,0
52,B02c14546d8,ARM_BET,1
52,Bcb501dc6ae,ARM_BET,0
52,B5ef12147c6,ARM_BET,1
52,B2a239fcdef,ARM_BET,0
52,B77212d0b1b,ARM_HOLD,0
52,B446349c353,ARM_HOLD,1
52,Bd2d69c418f,ARM_BET,0
52,B5da3c8972e,ARM_HOLD,0
52,B186576e489,ARM_HOLD,1
52,Bac2b6cb243,ARM_BET,1
52,Bec561cc822,ARM_HOLD,0
52,B3a9eba5c05,ARM_BET,1
52,B20b3bb021b,ARM_HOLD,0
52,Bcaff723843,ARM_HOLD,0
52,B2543e47a6f,ARM_HOLD,0
52,B7b26337a87,ARM_BET,0
52,B8c267e87c4,ARM_BET,0
52,B765f17a9e3,ARM_HOLD,0
53,B167ce2c9c8,ARM_BET,0
53,Ba3399335c9,ARM_HOLD,1
53,Bd2783c6058,ARM_BET,1
53,B130fb68a93,ARM_HOLD,0
53,B1a657eed0e,ARM_BET,0
53,Baa84fe02b4,ARM_BET,0
53,Bf7f2fa32e6,ARM_HOLD,1
53,B9e7a89ae4c,ARM_BET,0
53,B8da71372d6,ARM_BET,0
53,B1e632e33fd,ARM_BET,1
53,B476049a5d9,ARM_BET,1
53,B0788491361,ARM_BET,0
53,B9bd2b25f1c,ARM_BET,1
53,B6243ded6b6,ARM_HOLD,0
53,Bc7d085bb8a,ARM_HOLD,0
53,B93a4da64d5,ARM_HOLD,1
53,Be86bd986a1,ARM_BET,1
53,Bad8606dc4b,ARM_HOLD,0
53,Bab46de1374,ARM_BET,1
53,B9120d3aadf,ARM_HOLD,1
53,B6adaa328a2,ARM_HOLD,0
53,B348a248250,ARM_BET,0
53,Bc3fa9db9b4,ARM_BET,0
53,B33a71761fe,ARM_BET,1
53,B4e8e4c7540,ARM_HOLD,1
53,B36bc4b149a,ARM_BET,0
53,B2a5b72dd59,ARM_BET,1
53,B4dc82c441f,ARM_BET,0
53,B3ba7c762e7,ARM_BET,1
53,B14faa2801e,ARM_HOLD,1
53,Bbbc59726dc,ARM_BET,0
53,Bfdce6483fd,ARM_HOLD,1
53,B27081062e0,ARM_BET,0
53,B22afca61de,ARM_HOLD,0
53,Be961a70062,ARM_HOLD,1
53,B81f0efd157,ARM_HOLD,0
53,B282634a56b,ARM_HOLD,1
53,B141526f4a0,ARM_BET,0
53,B312559b43d,ARM_BET,1
53,B68b22d0ed9,ARM_HOLD,1
53,B422885c889,ARM_BET,0
53,B4c08a66b52,ARM_HOLD,1
53,Bb0eb5ed18d,ARM_BET,1
53,Bd3ac36f24f,ARM_HOLD,0
53,B5d005ad5b5,ARM_BET,0
53,B7551616dcb,ARM_BET,1
53,B1747c03454,ARM_BET,1
53,B787c337224,ARM_HOLD,1
53,B7b9c0dc518,ARM_BET,0
53,Be49858061e,ARM_HOLD,0
53,B1c350cab1d,ARM_BET,0
53,B0960fe0f9e,ARM_HOLD,1
53,Bd15f79e3f5,ARM_HOLD,0
53,B7a69d57730,ARM_BET,0
53,Bce0d623680,ARM_BET,0
53,Bf6418db836,ARM_HOLD,0
53,B297478533d,ARM_HOLD,1
53,Bfc350a92e7,ARM_HOLD,1
53,Bcd6a549501,ARM_BET,1
53,B1f0b6c03b4,ARM_BET,1
53,B36eaece9f9,ARM_HOLD,1
53,B4b6ea77243,ARM_BET,0
53,B35f637146e,ARM_BET,0
53,B1082ed4789,ARM_HOLD,0
53,B295015acda,ARM_HOLD,1
53,B9047917506,ARM_BET,0
53,B29aad14f99,ARM_BET,0
53,B404f547f5a,ARM_HOLD,0
53,B5eb4b673d5,ARM_BET,0
53,Bcd71dcdcc8,ARM_HOLD,0
53,B32c917b393,ARM_BET,0
53,B16bc01847a,ARM_BET,1
53,B96281a3ddc,ARM_HOLD,1
53,B7ae47fc6aa,ARM_BET,0
53,B1ce21e506a,ARM_HOLD,1
53,Ba109f2ef97,ARM_HOLD,1
53,B6b08db1cbd,ARM_HOLD,0
53,B207e55beda,ARM_BET,1
53,B37cd19c0ec,ARM_HOLD,1
53,B03c5ff48a9,ARM_BET,1
53,B16fef15b3e,ARM_HOLD,1
53,Bc1f81bbea8,ARM_BET,1
53,Be66d5a0201,ARM_HOLD,1
53,B7ef78faca3,ARM_BET,0
53,B27206bcb8b,ARM_BET,0
53,B14e4ce5986,ARM_HOLD,0
53,B2e43cc9602,ARM_BET,1
53,B11760f0fa2,ARM_HOLD,1
53,B9cc53c5b39,ARM_HOLD,1
53,Beb4729a597,ARM_BET,0
53,Bdf6ae5d823,ARM_HOLD,1
53,B8be2a9df65,ARM_BET,1
53,B1aa4620f9b,ARM_BET,1
53,B2cabb908e4,ARM_BET,0
53,Bdf30eed2cb,ARM_BET,0
53,B01f94ab682,ARM_HOLD,0
53,B5c5828484e,ARM_HOLD,0
53,Be1628dd5ef,ARM_HOLD,1
53,Bedc64b46b3,ARM_BET,0
53,B4a6f79ac33,ARM_HOLD,1
53,Bec965b27c7,ARM_HOLD,1
53,B9f31e8bd9e,ARM_BET,0
53,Bf196f20525,ARM_BET,1
53,Bcffc6577ba,ARM_HOLD,0
53,B03f1a9ea90,ARM_HOLD,1
53,Bd4db6a1633,ARM_BET,1
53,Be80861d17e,ARM_HOLD,0
53,B6a27acbcdc,ARM_BET,1
53,Bcffae9b9dd,ARM_BET,1
53,B909357ac23,ARM_BET,0
53,B0f235d9a5a,ARM_BET,1
53,B6ab94b1a87,ARM_BET,1
53,Bee51f5e9be,ARM_HOLD,1
53,B4d82198372,ARM_HOLD,1
54,Be646d6ace0,ARM_HOLD,0
54,Bb2b8cc1870,ARM_HOLD,0
54,B4ef6967e41,ARM_BET,0
54,B8df7a1f97e,ARM_HOLD,0
54,B44b6a24aed,ARM_HOLD,1
54,B6867ca212e,ARM_HOLD,1
54,Bc76fd767e6,ARM_BET,0
54,Ba31cecd5cf,ARM_HOLD,0
54,Bd913c4a407,ARM_BET,1
54,Ba2fa21e63a,ARM_HOLD,1
54,B17f3a5442e,ARM_HOLD,1
54,Bcac2cfe7a8,ARM_BET,1
54,Be3af33ae67,ARM_HOLD,1
54,B5671a24c11,ARM_BET,1
54,B44bb776d74,ARM_HOLD,0
54,Bd44ed8a266,ARM_BET,1
54,B325b8c9df6,ARM_BET,0
54,B10e4149e5b,ARM_HOLD,1
54,B6d0060ecc9,ARM_BET,1
54,B73b2d0ae69,ARM_HOLD,1
54,B9f170c64b0,ARM_HOLD,1
54,B9dcc265397,ARM_HOLD,0
54,B97a8c7117c,ARM_HOLD,0
54,Bcf492035e8,ARM_BET,1
54,B696653bf27,ARM_BET,0
54,Bc0367edf92,ARM_HOLD,0
54,B1025ee649f,ARM_HOLD,1
54,Ba7e8a0b3dc,ARM_HOLD,0
54,B238e7d08c9,ARM_HOLD,0
54,B38da0b45e2,ARM_HOLD,1
54,Bec88a2a6ec,ARM_BET,0
54,Bf536091a1f,ARM_HOLD,0
54,B964c14b2a2,ARM_BET,0
54,Bb2522e4f0f,ARM_HOLD,0
54,Bc1951062ec,ARM_BET,1
54,B98edb62a71,ARM_BET,0
54,Bd4610fbd20,ARM_HOLD,1
54,B91e0bed008,ARM_HOLD,0
54,B4a8c27035c,ARM_BET,1
54,B86d86195dd,ARM_BET,0
54,B41ac5d69e0,ARM_HOLD,1
54,B6a826af9c3,ARM_HOLD,1
54,Bda7dbcac3e,ARM_BET,1
54,B36dd8b79c8,ARM_BET,0
54,Baf7e19f955,ARM_HOLD,0
54,Bf1cfe47e75,ARM_BET,0
54,B84e078bf7f,ARM_BET,1
54,B55a88e6a83,ARM_BET,1
54,B4bb2c437a5,ARM_HOLD,0
54,Bd8bda4304b,ARM_HOLD,0
54,B1542ba1d69,ARM_BET,0
54,Bc4b75d3d83,ARM_HOLD,0
54,B0ca083af19,ARM_HOLD,1
54,B0c9f5ebf26,ARM_HOLD,0
54,B5dc5d501b1,ARM_HOLD,0
54,B9a0e49496b,ARM_HOLD,0
54,B09f739630d,ARM_HOLD,1
54,Ba3e1be961f,ARM_BET,0
54,B4fe71bd76e,ARM_BET,1
54,Be0960804fa,ARM_BET,0
54,Bcdb2ee3778,ARM_BET,1
54,B02c9bf60cb,ARM_HOLD,0
54,B842d4e22d1,ARM_HOLD,0
54,B5678b6a658,ARM_HOLD,0
54,Bfe090ca501,ARM_HOLD,1
54,B11f969165c,ARM_HOLD,1
54,Bbe6b7cecaa,ARM_BET,1
54,Ba8258cc786,ARM_BET,1
54,B9df6d511b0,ARM_BET,0
54,B24aa98bee7,ARM_BET,1
54,B979843d045,ARM_HOLD,0
54,B047dd8f4da,ARM_HOLD,0
54,Bdd168f52ba,ARM_HOLD,0
54,B87f2a62eba,ARM_BET,1
54,B1d43d850c5,ARM_BET,1
54,B9872eabda7,ARM_HOLD,1
54,Bf684931768,ARM_BET,0
54,B4160bcace3,ARM_BET,0
54,Bf300176820,ARM_BET,1
54,Bc6d15d7079,ARM_BET,0
54,B4bb930897e,ARM_BET,1
55,Bb41a62b1fb,ARM_BET,1
55,Bbe478e5645,ARM_HOLD,0
55,B2fef0c263d,ARM_BET,1
55,B7af5b01d40,ARM_HOLD,0
55,Bae6229a16f,ARM_BET,0
55,Bbb2151d295,ARM_HOLD,1
55,Bb909a6e1cd,ARM_BET,1
55,B05b30b5b6a,ARM_HOLD,1
55,Bf0dcd75da5,ARM_BET,0
55,Bb31af6d214,ARM_HOLD,1
55,B2bf43c6c59,ARM_HOLD,0
55,Ba81f875014,ARM_HOLD,1
55,B54e5e68661,ARM_HOLD,1
55,Bdeb11fea4b,ARM_HOLD,1
55,B5cb60600d5,ARM_HOLD,1
55,B0db9d1bcdc,ARM_HOLD,0
55,B7081844b36,ARM_BET,1
55,B2de4f6973e,ARM_HOLD,0
55,Bd5905064ea,ARM_BET,0
55,B3758f75f2e,ARM_BET,0
55,B2547cfbb71,ARM_HOLD,0
55,Bbebf36e8be,ARM_BET,1
55,Bef00c0916b,ARM_BET,0
55,B7fb33e2fb9,ARM_HOLD,0
55,Bb6d45bf405,ARM_BET,1
55,Bfa1d3e5f11,ARM_BET,1
55,B83be4ebf54,ARM_HOLD,1
55,Bcd5d0e56a7,ARM_BET,1
55,B5750cbab6b,ARM_HOLD,1
55,Bf08caff66d,ARM_HOLD,0
55,B4274af9166,ARM_BET,0
55,B7daf8b991f,ARM_BET,0
55,B82bf0dbf12,ARM_HOLD,1
55,B70a4a32ce6,ARM_HOLD,0
55,B2318cd178c,ARM_BET,0
55,Bf3a33027ca,ARM_HOLD,1
55,Ba1088fa0b4,ARM_BET,1
55,B32ea632a8a,ARM_HOLD,0
55,B550a6a7f3a,ARM_BET,1
55,Ba2e3b9e41e,ARM_HOLD,0
55,B42a29b617d,ARM_HOLD,0
55,B5a2f799712,ARM_HOLD,1
55,B656bf207aa,ARM_BET,0
55,Bdef529d090,ARM_HOLD,1
56,B1a0ad013d6,ARM_HOLD,1
56,B2720106c73,ARM_BET,1
56,B9ef0fa4ac8,ARM_BET,1
56,Be51c36a983,ARM_BET,1
56,Bcdabe1fb49,ARM_HOLD,1
56,B79fa400bc2,ARM_BET,1
56,Bca05c0c734,ARM_HOLD,1
56,Bda1af2191c,ARM_BET,1
56,B25120485d0,ARM_HOLD,1
56,Bd92ad38ea4,ARM_HOLD,1
56,B47dcb75180,ARM_BET,1
56,B3bd7068c3f,ARM_HOLD,1
56,Becaedbda79,ARM_BET,1
56,B9f93b16842,ARM_BET,1
56,Bf0c456a213,ARM_BET,1
56,B843a6f07a3,ARM_HOLD,1
56,B14081e5bc1,ARM_HOLD,1
56,B116546c884,ARM_HOLD,1
56,B28ff06c678,ARM_BET,1
56,B703e5bab7b,ARM_BET,1
56,B323823501f,ARM_HOLD,1
56,Bc9b910a2a6,ARM_BET,1
56,B7f07a80df0,ARM_HOLD,1
56,B110a8e26f3,ARM_HOLD,1
56,B8858f62b7d,ARM_BET,1
56,B5b4f73b06a,ARM_BET,1
56,B2986fd126a,ARM_HOLD,1
56,B4a185d7867,ARM_BET,1
56,B73ce0bcad8,ARM_BET,1
56,B1b948e1252,ARM_HOLD,1
56,B2cdf0c3166,ARM_HOLD,1
56,Babf5cc0e0b,ARM_HOLD,1
56,B03ffe711c3,ARM_HOLD,1
56,Bf967c435e7,ARM_BET,1
56,B2f2c9f51ae,ARM_HOLD,1
56,B4ee01c20ad,ARM_BET,1
56,Bf49325ef0a,ARM_BET,1
56,B84bc229d29,ARM_BET,1
56,Be3a83b365b,ARM_HOLD,1
56,B81469d6432,ARM_HOLD,1
56,B112b11de07,ARM_BET,1
56,Bd9b00e28ac,ARM_HOLD,1
56,B21d5a54ed1,ARM_HOLD,1
56,Be3a1cd1cfa,ARM_BET,1
56,B0139b1f174,ARM_HOLD,1
56,B4c93ce152f,ARM_BET,1
56,B9bc603ab16,ARM_HOLD,1
56,B35c10829fd,ARM_HOLD,1
56,B2f0a95afe9,ARM_BET,1
56,B0e2719e4ef,ARM_BET,1
56,Bc4ce759b9c,ARM_HOLD,1
56,Ba25e009ea1,ARM_HOLD,1
56,B93411bd0ef,ARM_HOLD,1
56,B7a9d4f2399,ARM_BET,1
56,Bf191b127c8,ARM_BET,1
56,Ba02152137e,ARM_HOLD,1
56,B545f161d07,ARM_BET,1
56,Bdf3d95c086,ARM_BET,1
56,Bb6f8fca439,ARM_HOLD,1
56,B260b95c920,ARM_BET,1
56,B834b16a39f,ARM_BET,1
56,B9177558d2b,ARM_HOLD,1
56,B180e15128b,ARM_BET,1
56,Bdc6147c72a,ARM_BET,1
56,B079301a5b0,ARM_HOLD,1
56,Bd5fdb16ee8,ARM_HOLD,1
56,B9018304ebf,ARM_BET,1
56,B10551164e6,ARM_BET,1
56,Bb57cb3e6bb,ARM_BET,1
56,B23dd39b567,ARM_HOLD,1
56,B3758884144,ARM_HOLD,1
56,B5c35b437a8,ARM_HOLD,1
56,B1e22368327,ARM_BET,1
56,Bc89c54edee,ARM_BET,1
56,B4c862d3ce3,ARM_BET,1
56,Bcc0eebb1cb,ARM_BET,1
56,B4c1a4f3003,ARM_BET,1
56,B1510dc7428,ARM_HOLD,1
56,B8bb6ee23fe,ARM_HOLD,1
56,B315126025c,ARM_HOLD,1
56,B2894757930,ARM_BET,1
56,B3cd859154a,ARM_HOLD,1
56,B04f140fb91,ARM_HOLD,1
56,Be06479fda2,ARM_BET,1
56,B27751eebe2,ARM_HOLD,1
56,B0fa24f47bd,ARM_HOLD,1
56,B01841eef30,ARM_HOLD,1
56,B4298a731dd,ARM_HOLD,1
56,B364f222d2e,ARM_BET,1
56,Bd85aa35d25,ARM_HOLD,1
56,Bc4207a9f71,ARM_HOLD,1
56,B700858fab5,ARM_HOLD,1
56,B34d7f2acee,ARM_HOLD,1
56,B9eacd3bb24,ARM_BET,1
56,Ba783c61f05,ARM_BET,1
56,Beab6f19fa6,ARM_BET,1
56,B4904748a8a,ARM_HOLD,1
56,B67dbcddc6c,ARM_BET,1
56,Bd1a93acf8c,ARM_HOLD,1
56,B1fa3a24eaf,ARM_HOLD,1
56,B13c6e96b7b,ARM_HOLD,1
56,Bd820be66ca,ARM_BET,1
56,Ba822bf3cd2,ARM_HOLD,1
56,Ba0b6b86298,ARM_BET,1
56,Be016627a3d,ARM_HOLD,1
56,Bacec4d6cbe,ARM_HOLD,1
56,B334ece1862,ARM_HOLD,1
56,Bede04cd226,ARM_BET,1
56,B37943fcfdc,ARM_HOLD,1
56,Bf5fae4f90a,ARM_HOLD,1
56,Ba2414b284e,ARM_HOLD,1
56,B756cd28328,ARM_HOLD,1
56,Bd09bd3b044,ARM_BET,1
56,B444c70d016,ARM_BET,1
56,Be50df030df,ARM_HOLD,1
56,Bd3f4de2322,ARM_HOLD,1
56,B64f2702545,ARM_HOLD,1
56,B2ca855081e,ARM_HOLD,1
56,Bd390abc43b,ARM_HOLD,1
56,Bfbd6e426e8,ARM_BET,1
56,B33f1ae5c4d,ARM_HOLD,1
56,Bbd15ff9848,ARM_HOLD,1
56,Bb00b3ebe12,ARM_BET,1
56,Bb0a8401045,ARM_BET,1
56,B33ea2b5875,ARM_BET,1
56,Bb184415372,ARM_HOLD,1
56,B8a8ff8ac4f,ARM_BET,1
56,B0c7d3da7d6,ARM_BET,1
56,B280fb4e788,ARM_HOLD,1
56,B52d3cc4b77,ARM_BET,1
56,B7304cdf4c1,ARM_HOLD,1
56,Bb93faec6b8,ARM_HOLD,1
56,B19390fd506,ARM_BET,1
56,Bf76be3ffc4,ARM_BET,1
56,B41bc2f6d9e,ARM_BET,1
56,Bd89b41cc59,ARM_HOLD,1
56,Bb400cee91b,ARM_HOLD,1
56,Bd7e7ef3145,ARM_HOLD,1
56,B2dc35a96cf,ARM_HOLD,1
56,B963b8a9bd5,ARM_HOLD,1
56,B40d500d08e,ARM_BET,1
56,B130ae117bb,ARM_HOLD,1
56,B8cc7eda3be,ARM_HOLD,1
56,Bec4d1e6732,ARM_HOLD,1
56,B43f0763393,ARM_BET,1
56,B1d5e580031,ARM_HOLD,1
56,B47e28a026a,ARM_BET,1
56,Bfaf1a8bbe8,ARM_BET,1
56,Bed41e0ffe2,ARM_BET,1
56,B0f58b3dc38,ARM_HOLD,1
56,Bc5fa969a24,ARM_HOLD,1
56,B1c7035d6c5,ARM_BET,1
56,B96b9d57005,ARM_BET,1
56,B488ae35d1b,ARM_HOLD,1
56,B0b57dac319,ARM_BET,1
56,B53de00f1a4,ARM_BET,1
56,Bcf97600376,ARM_BET,1
56,Bacb27eeb4f,ARM_HOLD,1
56,B4d46f5edfd,ARM_HOLD,1
56,B02f0204f82,ARM_BET,1
56,Be23eb3ea16,ARM_HOLD,1
56,B70c1526dca,ARM_BET,1
56,Bbd7034551a,ARM_HOLD,1
56,B9d5cf5cc46,ARM_BET,1
56,Bfd2ca17f6b,ARM_HOLD,1
56,B687be174cb,ARM_BET,1
56,B238f2255cb,ARM_HOLD,1
56,B56f77188eb,ARM_HOLD,1
56,Bd080e5f381,ARM_HOLD,1
56,B5629160404,ARM_HOLD,1
56,B5a2e560278,ARM_HOLD,1
56,B9a88ae41f4,ARM_HOLD,1
56,Bf5f0a4807b,ARM_BET,1
56,B93d9082940,ARM_BET,1
56,Bd5f0815c1c,ARM_HOLD,1
56,Ba8ddce8a93,ARM_BET,1
56,B8526ec33f9,ARM_HOLD,1
56,B5093334b51,ARM_BET,1
56,Bf5ed99c238,ARM_BET,1
56,B3988708441,ARM_BET,1
56,B1ca8a64168,ARM_HOLD,1
56,B0b808a8e57,ARM_HOLD,1
56,Bc1e3943fb3,ARM_BET,1
56,B69ca90b527,ARM_BET,1
56,Ba156b41ba5,ARM_HOLD,1
56,B39ecad2187,ARM_BET,1
56,B4a369c69d5,ARM_HOLD,1
56,B6e53e93f4c,ARM_HOLD,1
56,Ba1766ab7e8,ARM_HOLD,1
56,B52ab7bb8e5,ARM_HOLD,1
56,Bf35e6a07b0,ARM_HOLD,1
56,Bbca7c12ef0,ARM_HOLD,1
56,Bf93fbaa743,ARM_BET,1
56,B42ef294bbd,ARM_HOLD,1
56,Ba92db8cb5d,ARM_BET,1
56,B50e1c69a5f,ARM_HOLD,1
56,B8f180f8dea,ARM_BET,1
56,B1bdf800450,ARM_BET,1
56,Bce319801f1,ARM_BET,1
56,B90c8fd1f9e,ARM_HOLD,1
56,B960ad8531f,ARM_BET,1
56,B3d414af479,ARM_HOLD,1
56,B5b4b60c178,ARM_HOLD,1
56,B89e9037d34,ARM_BET,1
56,B7349ab6505,ARM_HOLD,1
56,B03bd2e96f0,ARM_HOLD,1
56,B9ef9575faa,ARM_HOLD,1
56,Bf81a25ba1c,ARM_HOLD,1
56,Bde0a82af76,ARM_HOLD,1
56,B85f771073b,ARM_BET,1
56,Bc9f8da892f,ARM_BET,1
56,B9b0239f5b3,ARM_HOLD,1
56,Bbe08bb3325,ARM_HOLD,1
56,B0f59fe0781,ARM_HOLD,1
56,Be0a89fc0e9,ARM_BET,1
56,Bd514f1d9ae,ARM_HOLD,1
56,Be3bc56a339,ARM_HOLD,1
56,B0be8b5e25c,ARM_BET,1
56,B01992a4842,ARM_BET,1
56,B135a2167cf,ARM_HOLD,1
56,Bb875a2361b,ARM_HOLD,1
56,B0f16c3eaf2,ARM_BET,1
56,B53a3d4b4b5,ARM_HOLD,1
56,Be50078e59c,ARM_HOLD,1
56,Be5fbb24f5b,ARM_HOLD,1
56,B31e0eec709,ARM_BET,1
56,Be9b7be44b0,ARM_HOLD,1
56,Bffe71e8d8e,ARM_HOLD,1
56,B382215f1d2,ARM_HOLD,1
56,B5babbfeb99,ARM_BET,1
56,Bac2e6120c3,ARM_HOLD,1
56,Bb85f1f61db,ARM_HOLD,1
56,B36d949e773,ARM_BET,1
56,Bf4d217b33d,ARM_HOLD,1
56,B4ae29a7a02,ARM_HOLD,1
57,B73dff25a26,ARM_BET,1
57,B9e7dd45418,ARM_HOLD,1
57,B818b8eb630,ARM_HOLD,1
57,Bb37e0e7c26,ARM_BET,1
57,Ba901cd74fc,ARM_HOLD,1
57,B2d50d918a9,ARM_BET,1
57,Bdc533db17e,ARM_BET,1
57,B32ed9731cf,ARM_BET,1
57,B2e095c6aba,ARM_HOLD,1
57,Bffb8c5e9b8,ARM_BET,1
57,B5ff8854cb7,ARM_HOLD,1
57,B9665b5da0e,ARM_HOLD,1
57,Bcc421ae9c0,ARM_BET,1
57,B22cb8191f3,ARM_HOLD,1
57,Bbe4ab71d2a,ARM_BET,1
57,Bef84761674,ARM_HOLD,1
57,B187f8ccd25,ARM_BET,1
57,B6479bbdd90,ARM_HOLD,1
57,B43f00764e6,ARM_HOLD,1
57,Ba17abb6864,ARM_BET,1
57,B4efe884dd0,ARM_BET,1
57,Bb7cef5fe3f,ARM_BET,1
57,Ba4a8c454f8,ARM_BET,1
57,B47b3f09b0a,ARM_HOLD,1
57,B7ca0e26ccf,ARM_HOLD,1
57,B1804a83bfc,ARM_HOLD,1
57,Bb63f9e90db,ARM_HOLD,1
57,B281f06fe19,ARM_BET,1
57,Bf89488ad35,ARM_HOLD,1
57,Bedb1c365b4,ARM_BET,1
57,B003d56a8b2,ARM_BET,1
57,Be321a1c385,ARM_BET,1
57,Bcf16ba39a5,ARM_HOLD,1
57,B4751d66a36,ARM_BET,1
57,Bc1f56678d8,ARM_BET,1
57,B897dd0376a,ARM_HOLD,1
57,B2bda12f262,ARM_BET,1
57,B64c3672858,ARM_HOLD,1
57,Bb7ea0d87a2,ARM_HOLD,1
57,B1b226aae0d,ARM_BET,1
57,B307bc7cd49,ARM_HOLD,1
57,Bb2c4ab0cae,ARM_HOLD,1
57,B18a54f5270,ARM_BET,1
57,B0a9f75e86a,ARM_BET,1
57,B02d6c8906c,ARM_BET,1
57,B1fa2187f61,ARM_BET,1
57,B788fea5a78,ARM_HOLD,1
57,B4b6de3a83f,ARM_BET,1
57,B700655b2ed,ARM_BET,1
57,Bcf79e028a6,ARM_HOLD,1
57,B0e25fc81ab,ARM_BET,1
57,B2bea8fb2cf,ARM_HOLD,1
57,Bbe0e4f6ade,ARM_HOLD,1
57,B00c6769516,ARM_BET,1
57,Bf542fd7a96,ARM_HOLD,1
57,B14a0e06443,ARM_HOLD,1
57,Bccc7c0620f,ARM_BET,1
57,Bede5d33831,ARM_HOLD,1
57,B916254d0dc,ARM_BET,1
57,B141faff3df,ARM_BET,1
57,B4f4427df8f,ARM_BET,1
57,B504c38878f,ARM_BET,1
57,B5f6c85aa41,ARM_BET,1
57,Bddf502e064,ARM_HOLD,1
57,B69661e265a,ARM_BET,1
57,B088b8ade7c,ARM_HOLD,1
57,B754d7e2ac9,ARM_HOLD,1
57,Bddb1969868,ARM_HOLD,1
57,Be570bc2182,ARM_BET,1
57,B0fcba28e50,ARM_HOLD,1
57,B20b1d5e500,ARM_HOLD,1
57,B3a3e8aed0e,ARM_BET,1
57,B48dcd021f7,ARM_HOLD,1
57,B39069496be,ARM_HOLD,1
57,B87e1287306,ARM_BET,1
57,B5fb4943f18,ARM_BET,1
57,Bb3bf27772a,ARM_BET,1
57,B1a79cabe6a,ARM_BET,1
57,B7e7ca200dd,ARM_HOLD,1
57,Bb1d1c60d91,ARM_HOLD,1
57,B1b9718f77f,ARM_BET,1
57,B036a6cf630,ARM_BET,1
57,B084e0b6f8c,ARM_HOLD,1
57,B1e3c1363bd,ARM_HOLD,1
57,B1961711ab3,ARM_BET,1
57,B4c59f08333,ARM_BET,1
57,B2f5287c9c5,ARM_BET,1
57,B5aaa14af2e,ARM_BET,1
57,B0b33962252,ARM_BET,1
57,B40f8891581,ARM_HOLD,1
57,B0ac82d17e3,ARM_HOLD,1
57,Bbfc1c2df9b,ARM_BET,1
57,Bbd0826d031,ARM_BET,1
57,B17a9f1d2fc,ARM_HOLD,1
57,B3d2d2e1272,ARM_HOLD,1
57,Bfad7d17c6c,ARM_BET,1
57,B66b316df18,ARM_HOLD,1
57,B8edbd9b8e3,ARM_BET,1
57,Bc4776dc433,ARM_BET,1
57,B9023b28464,ARM_BET,1
57,Bf81abbe65d,ARM_HOLD,1
57,B379c5c6fbe,ARM_HOLD,1
57,Be94a8652be,ARM_HOLD,1
57,B4e6e3c6e67,ARM_BET,1
57,B7877746c7b,ARM_BET,1
57,B75eb3c9065,ARM_HOLD,1
57,B287f7735af,ARM_HOLD,1
57,B7addb75450,ARM_BET,1
57,B7bc8dc9044,ARM_HOLD,1
57,Be76a409156,ARM_HOLD,1
57,B4ea61ff679,ARM_BET,1
57,B4c85aedb06,ARM_HOLD,1
57,B2fdfe36e75,ARM_HOLD,1
57,B70ae7ec264,ARM_HOLD,1
57,B5ec0aca7f4,ARM_BET,1
57,B8efc927960,ARM_BET,1
57,Bf7ab136ea6,ARM_BET,1
57,B6fab71c519,ARM_HOLD,1
57,Ba0d9ea421e,ARM_BET,1
57,B0ab929983a,ARM_BET,1
57,Bb78c4b7728,ARM_BET,1
57,B07f2b95224,ARM_HOLD,1
57,B485f040209,ARM_HOLD,1
57,Bd7b5329f29,ARM_HOLD,1
57,B89f7e302ae,ARM_HOLD,1
57,B226971dc98,ARM_HOLD,1
57,Bef2bd66dde,ARM_HOLD,1
57,Be8dfa073cf,ARM_BET,1
58,Be993cfab02,ARM_HOLD,1
58,B1f15489b65,ARM_HOLD,1
58,Bd7ccb83af5,ARM_HOLD,1
58,Beb4a49347d,ARM_HOLD,1
58,Bbe7c64e405,ARM_HOLD,1
58,Be42ad1c945,ARM_BET,1
58,Bf4a85c3422,ARM_HOLD,1
58,Ba17dd4597b,ARM_BET,1
58,B17ade129c6,ARM_HOLD,1
58,B0116837169,ARM_BET,1
58,Be4a1160f8d,ARM_BET,1
58,B1f48e6c5d7,ARM_BET,1
58,B20934b9ff5,ARM_HOLD,1
58,B5f55a256d3,ARM_HOLD,1
58,B896288b39e,ARM_HOLD,1
58,Bcad4e177de,ARM_HOLD,1
58,B6b44f1a566,ARM_HOLD,1
58,Bc345d28266,ARM_BET,1
58,Bc37bd2d6e0,ARM_HOLD,1
58,B0c656c8b02,ARM_BET,1
58,Bbdd48f1395,ARM_BET,1
58,B0fb0ff2158,ARM_HOLD,1
58,B8a4b017e16,ARM_HOLD,1
58,Bf12b468577,ARM_BET,1
58,B647c4f0c81,ARM_BET,1
58,B70b64634d9,ARM_BET,1
58,B74ea1fb2f1,ARM_BET,1
58,Bd32e4d21ac,ARM_HOLD,1
58,B72cda32c94,ARM_HOLD,1
58,Bd03fba04e9,ARM_BET,1
58,B88f1b1b16b,ARM_HOLD,1
58,B6b1ec1cab6,ARM_BET,1
58,B68fb6dd652,ARM_HOLD,1
58,B1ef570dd18,ARM_HOLD,1
58,Be24781e308,ARM_BET,1
58,Bed53cefcaf,ARM_BET,1
58,B57fe7e40bd,ARM_HOLD,1
58,B84fdc63bc9,ARM_HOLD,1
58,Bee58e69f0e,ARM_BET,1
58,Bd1db852e53,ARM_BET,1
58,Ba57bbe7fca,ARM_HOLD,1
58,B2e7ed35766,ARM_BET,1
58,B10853e0d7c,ARM_BET,1
58,B50053cc623,ARM_HOLD,1
58,Bdf38d4f98e,ARM_BET,1
58,B6ae9776154,ARM_HOLD,1
58,B15f0903653,ARM_HOLD,1
58,B514915205c,ARM_BET,1
58,B231b62f028,ARM_HOLD,1
58,Be572d6138b,ARM_HOLD,1
58,B4f1bf5c29e,ARM_HOLD,1
58,B358e7f35a6,ARM_HOLD,1
58,Bb8fe5ba72f,ARM_HOLD,1
58,B9889b44626,ARM_BET,1
58,B06ddf98ec3,ARM_HOLD,1
58,B1593334e44,ARM_BET,1
58,B5ff32cc381,ARM_BET,1
58,B66b9984806,ARM_HOLD,1
58,Beb6ed6d959,ARM_HOLD,1
58,Bcc319d9ff6,ARM_HOLD,1
58,Be559549122,ARM_HOLD,1
58,Bd7e5836c55,ARM_BET,1
58,B0abb8822ee,ARM_HOLD,1
58,B488cb6ecaf,ARM_BET,1
58,Ba050f6a56a,ARM_HOLD,1
58,B4ddd039e76,ARM_BET,1
58,B6ccc9461c0,ARM_HOLD,1
58,B9e5e600397,ARM_BET,1
58,B9229fadb9a,ARM_HOLD,1
58,Bf08cdf8f0b,ARM_HOLD,1
58,B37245e4ebf,ARM_BET,1
58,Ba146be141b,ARM_BET,1
58,B81470b04c7,ARM_HOLD,1
58,Bbc2c418f47,ARM_BET,1
58,B0dd8e7e46c,ARM_HOLD,1
58,B181f630441,ARM_HOLD,1
58,B9873adc4fc,ARM_BET,1
58,B7284b7c86e,ARM_HOLD,1
58,B70cb9357cc,ARM_HOLD,1
58,B3cf90f1a12,ARM_BET,1
58,Bffadbe319a,ARM_BET,1
58,Bfe08b1a928,ARM_BET,1
58,B3f45ba0234,ARM_BET,1
58,B76132bbc83,ARM_HOLD,1
58,B8ae675ce57,ARM_BET,1
58,B3d9b37ad40,ARM_HOLD,1
58,Bc6755425eb,ARM_BET,1
59,Bc37f946020,ARM_HOLD,1
59,B43e6acb566,ARM_BET,1
59,Bebbe207769,ARM_HOLD,1
59,Baa1871022e,ARM_HOLD,1
59,B8ed95fd646,ARM_BET,1
59,Bfda7b2d095,ARM_BET,1
59,B4124c3cf83,ARM_HOLD,1
59,Bbf6d78b05b,ARM_HOLD,1
59,B75fc4b7908,ARM_HOLD,1
59,B1051de2018,ARM_BET,1
59,B4b4932ff0b,ARM_BET,1
59,B42b5734bf0,ARM_HOLD,1
59,Bf5c6d98b6c,ARM_HOLD,1
59,B898520f1e2,ARM_HOLD,1
59,B7c5757344d,ARM_BET,1
59,B6b93ad7ca5,ARM_HOLD,1
59,B1babac9115,ARM_BET,1
59,B52ab040474,ARM_BET,1
59,Bfa24266360,ARM_HOLD,1
59,Bc1339b92b3,ARM_BET,1
59,Bfb57dad459,ARM_BET,1
59,B4a9f7f9c27,ARM_HOLD,1
59,B2fbde0c3ec,ARM_HOLD,1
59,Babb75db3a5,ARM_BET,1
59,Bf7e07a2d8f,ARM_HOLD,1
59,Bfe305b3db4,ARM_BET,1
59,B8511c678fd,ARM_HOLD,1
59,B659cce8756,ARM_HOLD,1
59,B7fde236766,ARM_BET,1
59,Bd9f1d99787,ARM_HOLD,1
59,B36374a9592,ARM_BET,1
59,B39a586fadc,ARM_BET,1
59,B91effc13b5,ARM_HOLD,1
59,Bb882c075b5,ARM_HOLD,1
59,Bbfba115f00,ARM_BET,1
59,Be11bdeaee1,ARM_BET,1
59,B6b65d91ca1,ARM_BET,1
59,B5d11ae4248,ARM_HOLD,1
59,B4e5ce16df7,ARM_HOLD,1
59,B361ee472c4,ARM_HOLD,1
59,Bbe87585b2c,ARM_BET,1
59,B2141f33fbf,ARM_BET,1
59,Ba09677bfcf,ARM_BET,1
59,B657be89f79,ARM_BET,1
59,B0a045a07cc,ARM_BET,1
59,B03c2a56908,ARM_HOLD,1
59,B2c90669aac,ARM_HOLD,1
59,B60bb5c56b4,ARM_HOLD,1
59,Bd65fcee083,ARM_HOLD,1
59,B09288ddc2d,ARM_BET,1
59,Bce5afcb656,ARM_BET,1
59,B9a46a36818,ARM_BET,1
59,B4eb9a33cbb,ARM_HOLD,1
59,B301ff9eb87,ARM_HOLD,1
59,B09731fe20a,ARM_HOLD,1
59,B6864c5f390,ARM_BET,1
59,B67278c4370,ARM_BET,1
59,Be25de74db6,ARM_BET,1
59,Bc89ff5c232,ARM_BET,1
59,B3ca8058751,ARM_BET,1
59,Bd783360a8b,ARM_HOLD,1
59,Bb204d65f10,ARM_HOLD,1
59,B8938acc51e,ARM_HOLD,1
59,B70471fddbc,ARM_BET,1
59,B76f8210aab,ARM_BET,1
59,B256d0b4522,ARM_BET,1
59,Ba272c1a5a5,ARM_BET,1
59,B6c605fe158,ARM_BET,1
59,Baeb2c29d60,ARM_BET,1
59,B5a97715ff1,ARM_BET,1
59,Ba452b7ac72,ARM_HOLD,1
59,B5d8a1f6f11,ARM_BET,1
59,B8559d0fb7e,ARM_HOLD,1
59,B748abcba98,ARM_HOLD,1
59,B01bfba6c66,ARM_HOLD,1
59,B10a6de8c72,ARM_HOLD,1
59,Bb389a60513,ARM_HOLD,1
59,Bc2d12973c6,ARM_HOLD,1
59,B82d7a1ada0,ARM_BET,1
59,B84fc801c9d,ARM_BET,1
59,Ba1c46c2f35,ARM_BET,1
59,B262674971f,ARM_BET,1
59,B0d23731936,ARM_BET,1
59,B4088dc1bf6,ARM_BET,1
59,Bb63bcf349f,ARM_BET,1
59,B1894c6170b,ARM_HOLD,1
59,B590ff88774,ARM_BET,1
59,B6f9e9595d1,ARM_HOLD,1
59,B71e19d464f,ARM_HOLD,1
59,Bb7f4a1de9e,ARM_BET,1
59,B029bb7e712,ARM_HOLD,1
59,Bf5e5c4f0fe,ARM_HOLD,1
59,B9b22688836,ARM_HOLD,1
59,B4c19ce10f1,ARM_BET,1
59,B3c53f7040a,ARM_BET,1
59,B975278a1f1,ARM_HOLD,1
59,Bb135086a0e,ARM_HOLD,1
59,Bf9f89bf78e,ARM_HOLD,1
59,B6f8aedba74,ARM_HOLD,1
59,Bade3ccdca8,ARM_BET,1
59,Be54f6f3a35,ARM_HOLD,1
59,Bc9adad14a1,ARM_HOLD,1
59,B47b608e842,ARM_BET,1
59,Bc46f3746cb,ARM_HOLD,1
59,Bb68b68d4cd,ARM_BET,1
59,B09174f976d,ARM_HOLD,1
59,Bc55fad43b7,ARM_BET,1
59,B1f5bb4839f,ARM_HOLD,1
59,Be259cb79ae,ARM_HOLD,1
59,Bb8469162ba,ARM_HOLD,1
59,B9be21a5bd9,ARM_BET,1
59,B40606e0091,ARM_BET,1
59,Ba636347c84,ARM_BET,1
59,B2e17359823,ARM_HOLD,1
59,B0ba8ce462d,ARM_HOLD,1
59,Bad311ed636,ARM_HOLD,1
59,B7740f6df14,ARM_HOLD,1
59,B3eef337e83,ARM_BET,1
59,Bb30db6aae9,ARM_HOLD,1
59,B809c05ce36,ARM_BET,1
59,B4f64ae88fb,ARM_HOLD,1
59,B69255909d6,ARM_BET,1
59,B29cd80d591,ARM_BET,1
59,Bbfb7bf6bb6,ARM_BET,1
59,Bca6d5bf7d5,ARM_HOLD,1
59,Bbbbde7353d,ARM_HOLD,1
59,Bd16916fc88,ARM_BET,1
59,Bb48a86c5a8,ARM_HOLD,1
59,B93ba313c2d,ARM_BET,1
59,B6642c018e9,ARM_BET,1
59,B4341dadfb8,ARM_BET,1
59,Bbc252ad51c,ARM_BET,1
59,B632cc5dee2,ARM_BET,1
59,B1aea6a9fee,ARM_BET,1
59,Bfdde0b5659,ARM_BET,1
59,Be193e30137,ARM_HOLD,1
59,B9dadf96546,ARM_HOLD,1
59,B809f8c59d0,ARM_BET,1
59,B9256afcd1d,ARM_BET,1
59,B1eebbfa249,ARM_BET,1
59,B60395aac69,ARM_BET,1
59,B73bf144496,ARM_BET,1
59,B2b9147ce46,ARM_HOLD,1
59,Baef1550b75,ARM_BET,1
59,B6e1096fb06,ARM_HOLD,1
59,Be523242b0a,ARM_HOLD,1
59,B33e5d052ab,ARM_HOLD,1
59,B5e3f8ef55e,ARM_BET,1
59,Bfa2fcce86a,ARM_BET,1
59,Bac1574ad86,ARM_HOLD,1
59,Bb1600dedbb,ARM_BET,1
59,B23858dbf75,ARM_HOLD,1
59,B7f4dd1b691,ARM_HOLD,1
59,B9b619de284,ARM_BET,1
59,B6ca6ed6170,ARM_BET,1
59,B56d13e6fb6,ARM_HOLD,1
59,B648b3e312a,ARM_BET,1
59,Bc0d33bad35,ARM_HOLD,1
59,B3b6aea9e98,ARM_BET,1
59,Bbc9e0db9ad,ARM_HOLD,1
59,B30a529e754,ARM_HOLD,1
59,B2dcfbf0392,ARM_HOLD,1
59,Bad9fcfa93e,ARM_HOLD,1
59,Bfd7182434f,ARM_HOLD,1
59,B881dd23863,ARM_HOLD,1
59,Bd14800f4b7,ARM_HOLD,1
59,B50da9e5caf,ARM_BET,1
59,B52eec038ad,ARM_HOLD,1
59,B5966ee8bf7,ARM_HOLD,1
59,B6ff4ce011c,ARM_BET,1
59,B0f898b6b28,ARM_HOLD,1
59,B93c3b67dfb,ARM_BET,1
59,Be9ca0e6721,ARM_BET,1
59,Baafe2fe65d,ARM_BET,1
59,B2d2bf4d31b,ARM_BET,1
59,B6c54756dd5,ARM_HOLD,1
59,B5f9e45e12c,ARM_BET,1
59,B4b53c95391,ARM_BET,1
59,B6aeecf98fb,ARM_HOLD,1
59,B104fcbeb8a,ARM_HOLD,1
59,Bccc805b761,ARM_BET,1
59,B15c05daad1,ARM_HOLD,1
59,B42da212fc0,ARM_HOLD,1
59,B4fdfd4f248,ARM_BET,1
59,Be9f2ca2d25,ARM_BET,1
59,Bbe80d236cd,ARM_BET,1
59,Bc227bfb9a9,ARM_HOLD,1
59,B31be698a12,ARM_HOLD,1
59,B0d04a7ba0c,ARM_BET,1
59,B9901dd7fc4,ARM_BET,1
59,Be47d1a44d8,ARM_HOLD,1
59,B5ff21c98a8,ARM_HOLD,1
59,B76c76e07aa,ARM_BET,1
59,Ba3eacc1f9e,ARM_BET,1
59,B71299c7d9d,ARM_HOLD,1
59,Baa2ff9e54f,ARM_BET,1
59,Bccd8abffbb,ARM_HOLD,1
59,B320dce690b,ARM_HOLD,1
59,Bfa8fae5f46,ARM_HOLD,1
59,B13f4e15625,ARM_BET,1
59,B4497a6420b,ARM_BET,1
59,Bd38e8d9063,ARM_BET,1
59,B73c9be0003,ARM_BET,1
59,B63bd65275d,ARM_HOLD,1
59,Ba7ec726955,ARM_HOLD,1
59,B483252c92d,ARM_BET,1
59,B21c88e7cf3,ARM_HOLD,1
59,B56582caf52,ARM_HOLD,1
59,B2799e8c0d6,ARM_HOLD,1
59,B41471f986e,ARM_BET,1
59,B08ceb84726,ARM_HOLD,1
59,Bd012633336,ARM_HOLD,1
59,B361b570d16,ARM_HOLD,1
59,Bc7bf6d2ac9,ARM_HOLD,1
59,Baa3987c9f1,ARM_BET,1
59,Bf103efbdae,ARM_BET,1
59,B9f4dff4c16,ARM_HOLD,1
59,B7165bf28b7,ARM_HOLD,1
59,Bbd76a45e60,ARM_HOLD,1
59,Bddb7989df2,ARM_HOLD,1
59,B140b06b149,ARM_BET,1
59,Bf01ecaec5d,ARM_HOLD,1
59,Ba82a60001a,ARM_BET,1
59,Bf0028236b6,ARM_HOLD,1
59,Bb775def08d,ARM_HOLD,1
59,Bf12f7af359,ARM_BET,1
59,B2f2b5dda76,ARM_BET,1
59,B6925cb680b,ARM_HOLD,1
59,B7144755466,ARM_HOLD,1
59,B876c9c0bb1,ARM_BET,1
59,B021079ab72,ARM_BET,1
59,B3395e839e9,ARM_HOLD,1
59,Bd50e867210,ARM_BET,1
59,B177c39c524,ARM_HOLD,1
59,Bdb9b3b5c73,ARM_BET,1
59,B4c406bdab9,ARM_HOLD,1
60,B856dbd0061,ARM_HOLD,1
60,B96450d1283,ARM_BET,1
60,Bfa1c022323,ARM_BET,1
60,B12aa7a3c6b,ARM_BET,1
60,B710db30feb,ARM_BET,1
60,B19c03464d0,ARM_BET,1
60,B7f04983ed3,ARM_BET,1
60,B8a8ffc605a,ARM_BET,1
60,B76ff5359f8,ARM_HOLD,1
60,B887dd4a397,ARM_HOLD,1
60,B737b0d7b8d,ARM_HOLD,1
60,B882f9caf23,ARM_HOLD,1
60,B0d5c0c532d,ARM_BET,1
60,Bf670b8c2d3,ARM_BET,1
60,Bf0c550407e,ARM_HOLD,1
60,Be60a70507d,ARM_HOLD,1
60,B7400a358b2,ARM_BET,1
60,B2e9e0063e0,ARM_HOLD,1
60,Bd51c6bc167,ARM_HOLD,1
60,B0de703ad6f,ARM_BET,1
60,Bbf99358d28,ARM_HOLD,1
60,Bc1992ececa,ARM_HOLD,1
60,B48f8d22433,ARM_BET,1
60,B48b0243bca,ARM_BET,1
60,Bcd62751615,ARM_HOLD,1
60,Bb073f06dd6,ARM_HOLD,1
60,B8f2da04daf,ARM_BET,1
60,B0b1796cce4,ARM_BET,1
60,B1c75a862ff,ARM_HOLD,1
60,Bcd24f9910c,ARM_HOLD,1
60,Bf9881b78f6,ARM_HOLD,1
60,Bdaf7fc0043,ARM_HOLD,1
60,Be68f9638b6,ARM_HOLD,1
60,B04eed6185c,ARM_HOLD,1
60,Be42b000260,ARM_BET,1
60,B9ea426a637,ARM_HOLD,1
60,B3a29a35481,ARM_HOLD,1
60,B081d92b463,ARM_BET,1
60,Bef2e6dd240,ARM_BET,1
60,Bd697e79ea6,ARM_HOLD,1
60,Bcb7fd225d0,ARM_HOLD,1
60,Bbba24690d2,ARM_HOLD,1
60,B7d18dba51f,ARM_BET,1
60,B15416c90d9,ARM_HOLD,1
60,B0d66b4cf16,ARM_HOLD,1
60,B295675f5e9,ARM_HOLD,1
60,B385298bd8b,ARM_HOLD,1
60,B395f2e7ef6,ARM_HOLD,1
60,Bdaa323c2de,ARM_HOLD,1
60,B1701fffa3a,ARM_BET,1
60,Bb92552bc95,ARM_HOLD,1
60,B2283f01833,ARM_BET,1
60,B05eb97f394,ARM_HOLD,1
60,B325602b156,ARM_HOLD,1
60,Bc75b533faf,ARM_BET,1
60,Bee631253ed,ARM_HOLD,1
60,Bd61cc972ee,ARM_HOLD,1
60,B242832eef8,ARM_HOLD,1
60,Bb29c867025,ARM_BET,1
60,Befd8e8dbe4,ARM_BET,1
60,B08ff889d01,ARM_HOLD,1
60,B948c0c061f,ARM_BET,1
60,B3b21c9f42e,ARM_BET,1
60,Bd79c6f283b,ARM_BET,1
60,B6a78128234,ARM_HOLD,1
60,B944ffa1ead,ARM_BET,1
60,Bb8f79d09a6,ARM_HOLD,1
60,B86a495fb09,ARM_HOLD,1
60,B718367ddda,ARM_HOLD,1
60,B51c0a3f87d,ARM_BET,1
60,Bc19da17f21,ARM_HOLD,1
60,B03bf8768c1,ARM_BET,1
60,Be78b82cb08,ARM_HOLD,1
60,Bc50eb9c789,ARM_HOLD,1
60,Ba3c7601a2c,ARM_HOLD,1
60,B67afc0f3f4,ARM_HOLD,1
60,B47e699e686,ARM_HOLD,1
60,B9b4360b4c1,ARM_BET,1
60,B3145db97bd,ARM_HOLD,1
60,B909673087d,ARM_BET,1
60,Bda31a85752,ARM_HOLD,1
60,B3193901ed8,ARM_BET,1
60,B7ac66cfc20,ARM_BET,1
60,Bc595709b62,ARM_BET,1
60,B3c4957311a,ARM_BET,1
60,Bbdb10f9389,ARM_BET,1
60,Bf5650a6c2d,ARM_HOLD,1
60,Bab046d7629,ARM_BET,1
60,Bec803ae89f,ARM_BET,1
60,Bffd07cdd91,ARM_BET,1
60,B5025171db4,ARM_HOLD,1
60,B776096a980,ARM_HOLD,1
60,Bd4c4b3507d,ARM_HOLD,1
60,B888aeac44f,ARM_HOLD,1
60,B475b4aa5d9,ARM_HOLD,1
60,Bdc063ead0b,ARM_HOLD,1
60,B60b10ad588,ARM_BET,1
60,Bc99749ccc5,ARM_HOLD,1
60,Bb5b6d175c1,ARM_BET,1
60,B0f12ad3f8a,ARM_HOLD,1
60,Bfb47d00186,ARM_HOLD,1
60,B47ac9c2f96,ARM_BET,1
60,Bc66e516658,ARM_HOLD,1
60,B2651707e8a,ARM_BET,1
60,Bb48aa39de5,ARM_HOLD,1
60,Bdab7887504,ARM_HOLD,1
60,Be2bcf6e7bc,ARM_HOLD,1
60,Bd47c9c208e,ARM_BET,1
60,Ba1316c5464,ARM_HOLD,1
60,B6eca3e738d,ARM_HOLD,1
60,B5f8491277a,ARM_HOLD,1
60,B6951ae8c63,ARM_BET,1
60,Ba6412ed78b,ARM_HOLD,1
60,B844fbeff90,ARM_BET,1
60,B9c76670242,ARM_HOLD,1
60,B162f54c360,ARM_BET,1
60,B3925d1c0d9,ARM_HOLD,1
60,B0abd5d2b21,ARM_BET,1
60,Bd3704850e5,ARM_HOLD,1
60,Bd1548f97ab,ARM_BET,1
60,B2404b0b726,ARM_BET,1
60,Bf7415ecaa9,ARM_BET,1
60,B7ac3593f35,ARM_HOLD,1
60,B7e5f0840e8,ARM_BET,1
60,Beb04505aae,ARM_BET,1
60,B8230f626d8,ARM_HOLD,1
60,Bab740d3528,ARM_BET,1
60,B1a8c6d5f7f,ARM_HOLD,1
60,B8008d61089,ARM_HOLD,1
60,B797c573325,ARM_BET,1
60,B86b31a7840,ARM_HOLD,1
60,Bcf2bb3940c,ARM_BET,1
60,B20e70027e1,ARM_BET,1
61,Bff09a4b12f,ARM_BET,1
61,Bb802c4bb16,ARM_HOLD,1
61,B6698834b65,ARM_HOLD,1
61,B5147666137,ARM_HOLD,1
61,B2ebd5b0db8,ARM_BET,1
61,Bef0a206242,ARM_BET,1
61,B2c17125fa6,ARM_BET,1
61,Bd087b7bf46,ARM_BET,1
61,B1ca8787d19,ARM_HOLD,1
61,Ba556142fc4,ARM_BET,1
61,B2d0e8a8339,ARM_BET,1
61,B8db5f7faea,ARM_HOLD,1
61,B495197e13c,ARM_BET,1
61,B6051e14b2f,ARM_HOLD,1
61,B7e001c2d3e,ARM_HOLD,1
61,B93dffa53a3,ARM_HOLD,1
61,Ba0fcfffbf9,ARM_BET,1
61,B3db8ec4cae,ARM_BET,1
61,B5638864dbd,ARM_BET,1
61,B1139635905,ARM_BET,1
61,B6bf76f1b10,ARM_BET,1
61,B5a68384609,ARM_BET,1
61,B2d1c4351db,ARM_BET,1
61,Bb50580baab,ARM_BET,1
61,Bcc6af86b51,ARM_HOLD,1
61,B5cc98b14ba,ARM_BET,1
61,B89b98f4d44,ARM_HOLD,1
61,Bf3c4968d4b,ARM_BET,1
61,B271f87b55f,ARM_HOLD,1
61,B5bee84b728,ARM_HOLD,1
61,B735dad2363,ARM_BET,1
61,Bf6a7e27b9f,ARM_BET,1
61,Bcd8ad4d767,ARM_BET,1
61,B166c05495e,ARM_HOLD,1
61,Bcf8b9ac755,ARM_BET,1
61,Beee013ea2f,ARM_BET,1
61,B88eaf11a16,ARM_HOLD,1
61,B00f92bec8e,ARM_BET,1
61,B8ef7023d26,ARM_HOLD,1
61,Bed30508f19,ARM_HOLD,1
61,Be8d1060d5b,ARM_HOLD,1
61,B84dee78aef,ARM_HOLD,1
61,Bf67cfdbffd,ARM_HOLD,1
61,Bd2cb202eb1,ARM_BET,1
61,Ba73e9b7a87,ARM_HOLD,1
61,B6d9e0db56c,ARM_HOLD,1
61,B66e57b22f2,ARM_HOLD,1
61,B305ae2c58a,ARM_BET,1
61,B4fdab06a41,ARM_BET,1
61,B202a6bc620,ARM_HOLD,1
61,Ba63ca3e6d1,ARM_BET,1
61,Bfb6bc0d4b4,ARM_BET,1
61,B5066e0bb2d,ARM_BET,1
61,Bde7970d431,ARM_HOLD,1
61,B7eefa8295d,ARM_BET,1
62,Bf0429e796f,ARM_BET,1
62,Beed280872f,ARM_BET,1
62,B8830064199,ARM_BET,1
62,Be3cea67e94,ARM_HOLD,1
62,B572c897612,ARM_BET,1
62,Ba1de980ee2,ARM_BET,1
62,Bc47f246935,ARM_BET,1
62,B1446e93b2a,ARM_BET,1
62,B131b9a61e2,ARM_BET,1
62,B9b6895246c,ARM_HOLD,1
62,B92f7264bf5,ARM_HOLD,1
62,Bdedda052e3,ARM_BET,1
62,Be2a5e45627,ARM_HOLD,1
62,Ba4e9b1aba4,ARM_HOLD,1
62,B8dd4925a86,ARM_BET,1
62,B0520d2116c,ARM_BET,1
62,Bb81a4c723e,ARM_HOLD,1
62,Bd4415a6d76,ARM_HOLD,1
62,B0054dcaac9,ARM_HOLD,1
62,B2701448f3a,ARM_HOLD,1
62,Bd28068c0f9,ARM_BET,1
62,B821ebadabe,ARM_HOLD,1
62,Bf3483706e0,ARM_BET,1
62,Bbcbd81df9a,ARM_HOLD,1
62,B942f2812e8,ARM_HOLD,1
62,Bde70f8932d,ARM_HOLD,1
62,Bdca66e9b4d,ARM_HOLD,1
62,B7222aa2104,ARM_BET,1
62,Bfe5991e5fe,ARM_BET,1
62,Bfa28e0327d,ARM_BET,1
62,Ba38efff833,ARM_HOLD,1
62,Be8327f5cc7,ARM_HOLD,1
62,B0b139be6b9,ARM_BET,1
62,Bf8c71361e6,ARM_BET,1
62,B0a68ba7d95,ARM_HOLD,1
62,B92676e08ec,ARM_HOLD,1
62,B15e17caebd,ARM_HOLD,1
62,B285f049c80,ARM_HOLD,1
62,B9eeec2b361,ARM_BET,1
62,Bdaaf3adac1,ARM_BET,1
62,B949f1df0fc,ARM_BET,1
62,Bfb78170f19,ARM_BET,1
62,B54d1858154,ARM_HOLD,1
62,Bb4bc15afc5,ARM_HOLD,1
62,Bcdbf424b12,ARM_BET,1
62,B61ac0f1260,ARM_BET,1
62,Bafe58d576a,ARM_BET,1
62,B9dc441605e,ARM_HOLD,1
62,B4821375f16,ARM_BET,1
62,B41590d01b0,ARM_BET,1
62,Ba2ee6a3d5f,ARM_HOLD,1
62,B8fcdfceabb,ARM_BET,1
62,B3233c70a95,ARM_HOLD,1
62,B4a930cb6f2,ARM_BET,1
62,Be6137b9fce,ARM_HOLD,1
62,Bfc14f0c677,ARM_BET,1
62,Be0c3bd85a6,ARM_HOLD,1
62,B4a86b84087,ARM_BET,1
62,B91cfb3c71d,ARM_HOLD,1
62,B80a938db68,ARM_HOLD,1
62,Bba8d7384d4,ARM_HOLD,1
62,Bf6803c0cd8,ARM_HOLD,1
62,B23a0390b6b,ARM_HOLD,1
62,B545259098d,ARM_HOLD,1
62,Bf1de21f791,ARM_HOLD,1
62,B6c079068b8,ARM_HOLD,1
62,B301485e749,ARM_BET,1
62,B16677e14f5,ARM_HOLD,1
62,Be8262c8438,ARM_HOLD,1
62,B3f09716606,ARM_BET,1
62,B3314af549c,ARM_BET,1
62,B3425bb7df7,ARM_HOLD,1
62,B3ed1208ae0,ARM_BET,1
62,Bd6537fd652,ARM_HOLD,1
62,B0e56309cd4,ARM_BET,1
62,Bb4e9d85af7,ARM_BET,1
62,B542e09d408,ARM_BET,1
62,Be43a68821d,ARM_BET,1
62,B1ba5337cfc,ARM_HOLD,1
62,B1af50ff7f8,ARM_HOLD,1
62,B66bd8a57b4,ARM_HOLD,1
62,B8c21308d6e,ARM_BET,1
62,B14c2c4f408,ARM_HOLD,1
62,Bc414fea6ce,ARM_HOLD,1
62,Bb1c8aece18,ARM_HOLD,1
62,B48bcfd58b7,ARM_HOLD,1
62,B16c6ea51cf,ARM_BET,1
62,B5d61cf0a01,ARM_BET,1
62,Bcf091bea65,ARM_HOLD,1
62,Bd6ec423574,ARM_BET,1
62,Bf6e81966b4,ARM_BET,1
62,Bfb0de797d6,ARM_HOLD,1
62,Ba3f770c743,ARM_BET,1
62,Be95a6bf95e,ARM_HOLD,1
62,B9998936088,ARM_BET,1
62,Bcdd028a417,ARM_BET,1
62,Be488e75b66,ARM_HOLD,1
62,B1a08d25bf1,ARM_BET,1
62,Bd8a7496b45,ARM_BET,1
62,Bfb881088b0,ARM_BET,1
62,B7d722fb556,ARM_HOLD,1
62,Bf2e5a07a78,ARM_BET,1
62,B3161dd7272,ARM_HOLD,1
62,B3ec0256edb,ARM_BET,1
62,B92570c2501,ARM_HOLD,1
62,Bebc779ce30,ARM_BET,1
62,B454812f832,ARM_HOLD,1
62,B2e8a35f73e,ARM_HOLD,1
62,Baf99e08c47,ARM_BET,1
62,Bb3d89e4b24,ARM_BET,1
62,B4f44f82368,ARM_HOLD,1
62,Bd7f0d9defd,ARM_HOLD,1
62,Bb3efaeb0f1,ARM_BET,1
62,B1d5d075880,ARM_BET,1
62,B23a5bafee6,ARM_BET,1
62,B2ed185db68,ARM_BET,1
62,Bf5437990c8,ARM_HOLD,1
62,B28f4be15de,ARM_HOLD,1
62,B1f77961fe9,ARM_HOLD,1
62,B0d3d995838,ARM_BET,1
62,B2a9b7a3292,ARM_HOLD,1
62,B1567a95390,ARM_BET,1
62,Bbaf37da07c,ARM_HOLD,1
62,B451d2cd9dc,ARM_BET,1
62,B25b4311a36,ARM_HOLD,1
62,B915fdc1f10,ARM_HOLD,1
62,Bd433c9788f,ARM_HOLD,1
62,B1f7f18bb4c,ARM_BET,1
62,B4a4dc0a1f3,ARM_BET,1
62,B4276fb80b3,ARM_HOLD,1
62,Be594975c65,ARM_BET,1
62,B8377501676,ARM_HOLD,1
62,B89e8d0b88e,ARM_HOLD,1
62,B5e0fcaf866,ARM_HOLD,1
62,Ba00c49b189,ARM_BET,1
62,B27ffc5723b,ARM_BET,1
62,B0161d816c1,ARM_HOLD,1
62,Bdabe06104c,ARM_HOLD,1
62,Bd1dd50801e,ARM_HOLD,1
62,Bb4c884cfa2,ARM_HOLD,1
62,B994e3a2f39,ARM_BET,1
62,Badda24ad23,ARM_BET,1
62,B074b3e631d,ARM_HOLD,1
62,B70349e5bf7,ARM_HOLD,1
62,B83eedb9581,ARM_BET,1
62,B9a8bbc8279,ARM_BET,1
62,B1b696d0855,ARM_HOLD,1
62,B26b772b22c,ARM_BET,1
62,Bb07ff5944d,ARM_BET,1
62,Bd2653ae394,ARM_HOLD,1
62,B24868207ff,ARM_BET,1
62,B0b3f81887f,ARM_BET,1
62,Bef4c3a4bc6,ARM_BET,1
62,B0169dcfe51,ARM_HOLD,1
62,Be57c84e49c,ARM_BET,1
62,B3db4dde630,ARM_BET,1
62,B425745aa30,ARM_BET,1
62,Bcc309a83ec,ARM_BET,1
62,B9f26f0614d,ARM_BET,1
62,B1df35875b3,ARM_HOLD,1
62,Bdaf1c9e166,ARM_HOLD,1
62,B5713cb5bc0,ARM_HOLD,1
62,B1bd541c0f0,ARM_BET,1
63,B13c98218d0,ARM_HOLD,1
63,Bbdb73ee8cd,ARM_BET,1
63,Bcf9f78ae85,ARM_BET,1
63,B0c21ea80e4,ARM_BET,1
63,B938e1e54ea,ARM_HOLD,1
63,Bedcc9552db,ARM_HOLD,1
63,B4121398c88,ARM_HOLD,1
63,B740d221ec0,ARM_BET,1
63,B497f73be4d,ARM_HOLD,1
63,Bd349d028aa,ARM_BET,1
63,B0a7147c5ca,ARM_HOLD,1
63,Be3eceb7eff,ARM_HOLD,1
63,B2265478ca6,ARM_HOLD,1
63,Bb81d68e23c,ARM_HOLD,1
63,Bb34b6d7772,ARM_BET,1
63,B85b09af173,ARM_BET,1
63,Bb71bc3d8b3,ARM_HOLD,1
63,B7429ea8dac,ARM_HOLD,1
63,B582e64ca40,ARM_HOLD,1
63,Bee096696d4,ARM_HOLD,1
63,B26fc1ff87e,ARM_HOLD,1
63,Bb91ee9fc3f,ARM_BET,1
63,Be0049d375d,ARM_BET,1
63,B0da24cf0ca,ARM_BET,1
63,B178816fc70,ARM_HOLD,1
63,B4746cf1141,ARM_HOLD,1
63,Ba6459b0fa7,ARM_HOLD,1
63,Bd9f0531bb0,ARM_BET,1
63,Bc7b3df0e53,ARM_HOLD,1
63,B214f9f83fd,ARM_HOLD,1
63,B0dd30a260f,ARM_HOLD,1
63,B4e8f41b41d,ARM_HOLD,1
63,B3c246717c9,ARM_HOLD,1
63,Ba98493cf83,ARM_HOLD,1
63,B96164f7c9a,ARM_BET,1
63,Bf458bbf402,ARM_BET,1
63,B6d45c6ff22,ARM_HOLD,1
63,Babfebb7ab2,ARM_HOLD,1
63,Bc56aa8586f,ARM_BET,1
63,Badf7da6565,ARM_HOLD,1
63,B81d169ca81,ARM_HOLD,1
63,Bfca2bdcbe9,ARM_BET,1
63,B6aca8fde91,ARM_BET,1
63,Bead4f41575,ARM_BET,1
63,B3e46cc2adb,ARM_BET,1
63,B801b109a88,ARM_HOLD,1
63,Bb827705a9e,ARM_BET,1
63,Bff24bf476a,ARM_BET,1
63,B8669c6e51e,ARM_BET,1
63,Befdf910f6c,ARM_HOLD,1
63,B071b38818e,ARM_HOLD,1
63,B658e535763,ARM_HOLD,1
63,Bc5c74fd67b,ARM_HOLD,1
63,B76d55cf942,ARM_BET,1
63,Bddd1f329b1,ARM_BET,1
63,B2e2a7bbc17,ARM_BET,1
63,B7e1e6c8ebb,ARM_HOLD,1
63,Bb0a3650769,ARM_HOLD,1
63,Bdf9aa4a1ad,ARM_HOLD,1
63,Ba19eb54123,ARM_BET,1
63,B54fd5fa621,ARM_HOLD,1
63,B8364263d6c,ARM_BET,1
63,B06e738a955,ARM_HOLD,1
63,B550bc7e3b3,ARM_HOLD,1
63,B3ca03c848e,ARM_HOLD,1
63,Bdc9e08e8bd,ARM_BET,1
63,Bf0772f679c,ARM_BET,1
63,B09f79d909c,ARM_BET,1
63,B470d5ebecd,ARM_HOLD,1
63,B5fb8c76f00,ARM_HOLD,1
63,B12f68c2e21,ARM_HOLD,1
63,B690ba074e0,ARM_BET,1
63,B9a8b2abe9b,ARM_BET,1
63,B4997a15fae,ARM_BET,1
63,B2f0587cb39,ARM_HOLD,1
63,Bdda8192e6d,ARM_BET,1
63,B08b61050dc,ARM_BET,1
63,Bd5ad2b3c45,ARM_BET,1
63,Bea1bf43091,ARM_HOLD,1
63,Ba8a4ca0cc1,ARM_HOLD,1
63,B7edf080e85,ARM_HOLD,1
63,B66734e034f,ARM_BET,1
63,B2d5b989079,ARM_HOLD,1
63,Bc27cb578b1,ARM_BET,1
63,B168fd6b4cb,ARM_BET,1
63,B1fd8eef3bc,ARM_HOLD,1
63,B9808d79c21,ARM_HOLD,1
63,B7728255bd4,ARM_BET,1
63,B8f1f9c3958,ARM_HOLD,1
63,B5fa9931948,ARM_BET,1
63,Bfa7f92f12a,ARM_BET,1
63,B18bd66a92b,ARM_HOLD,1
63,Bbc7fb4cf60,ARM_HOLD,1
63,Bdd7aae51cf,ARM_BET,1
63,Bbd1b7e2f33,ARM_BET,1
63,Bfd094c1453,ARM_HOLD,1
63,Bd8e2f76229,ARM_HOLD,1
63,Bdeea54c574,ARM_BET,1
63,Be00104fd9f,ARM_BET,1
63,Bb58dca2e8b,ARM_HOLD,1
63,Be8ba4062a8,ARM_BET,1
63,Bfb46bd655e,ARM_HOLD,1
63,B58d6f1c0ea,ARM_BET,1
63,B27ea0b6d32,ARM_BET,1
63,B2fb0f402cb,ARM_BET,1
63,B2bca5a7612,ARM_HOLD,1
63,B22e38635a4,ARM_BET,1
63,Bc9a42d181e,ARM_BET,1
63,B9c63d71271,ARM_HOLD,1
63,B52259da565,ARM_BET,1
63,B6ccab504a3,ARM_HOLD,1
63,Bece37660cb,ARM_BET,1
63,B91e1a5c72f,ARM_BET,1
63,Bd1b8ded97a,ARM_BET,1
63,B27760b1836,ARM_BET,1
63,Ba07994ade4,ARM_HOLD,1
63,B1febe3e8b2,ARM_BET,1
63,Be051e01db0,ARM_HOLD,1
63,B774e87589c,ARM_BET,1
63,B33c0aa3377,ARM_BET,1
63,B331e511d90,ARM_BET,1
63,Bc118f77d34,ARM_BET,1
63,Bf32bf29256,ARM_BET,1
63,B84e5e985dd,ARM_BET,1
63,B74bf2b3086,ARM_BET,1
63,Beb149bd7c0,ARM_BET,1
63,Be2823fddbc,ARM_HOLD,1
63,Bb964d78cd1,ARM_HOLD,1
63,Ba9670b57cc,ARM_BET,1
63,B4eb5b2e52f,ARM_HOLD,1
63,Bb73118e188,ARM_HOLD,1
63,B4067c711d9,ARM_BET,1
63,B4d6cb725e5,ARM_HOLD,1
63,B27988194a2,ARM_BET,1
63,B20b04515a3,ARM_BET,1
63,B02800ba673,ARM_BET,1
63,Bf7601d0a26,ARM_BET,1
63,B849b093282,ARM_HOLD,1
63,B047e8b1b4d,ARM_HOLD,1
63,B5524a18806,ARM_HOLD,1
63,Ba4b8baa9f3,ARM_HOLD,1
63,Bb411c634c0,ARM_BET,1
63,Bef8c412323,ARM_BET,1
63,B70bb56f2d6,ARM_HOLD,1
63,Bbe8d0bafff,ARM_HOLD,1
63,B56b288a8a7,ARM_BET,1
63,B98cbe0a60b,ARM_BET,1
63,Be4a7c97d52,ARM_HOLD,1
63,B76728333af,ARM_HOLD,1
63,B3da085319e,ARM_HOLD,1
63,B321f1dc418,ARM_BET,1
63,B02d156e522,ARM_HOLD,1
63,B4407db55a0,ARM_BET,1
63,B69515c53bb,ARM_HOLD,1
63,B25f95ed8f1,ARM_BET,1
63,B941b9972d1,ARM_BET,1
63,B7805a59153,ARM_HOLD,1
63,B4d15b316f2,ARM_BET,1
63,B0c8c6654d1,ARM_HOLD,1
63,B9926422b51,ARM_BET,1
63,B12f6f32c84,ARM_HOLD,1
63,Bacdfc5c006,ARM_HOLD,1
63,Bd2786ea5e9,ARM_BET,1
63,Be434ff4c85,ARM_HOLD,1
63,Bcd6c9ffea6,ARM_HOLD,1
63,B026b130b8c,ARM_HOLD,1
63,Bfe14bf4c96,ARM_HOLD,1
63,B472f998c4b,ARM_BET,1
63,B2b229f5895,ARM_BET,1
63,B505721d925,ARM_HOLD,1
63,B7b178d6af0,ARM_BET,1
63,B76b831b251,ARM_BET,1
63,Bb25c5981c7,ARM_HOLD,1
63,B5a73ffc209,ARM_BET,1
63,B9ed964fbea,ARM_BET,1
63,B75c2ef7148,ARM_HOLD,1
64,Beaad676c85,ARM_HOLD,1
64,B8dc27c096b,ARM_BET,1
64,B43995fd12f,ARM_BET,1
64,B848f13f2a7,ARM_HOLD,1
64,B3d1187416f,ARM_HOLD,1
64,B79e7927c61,ARM_HOLD,1
64,Bd203dd9c64,ARM_BET,1
64,B3a73f420c0,ARM_BET,1
64,B1db849da4e,ARM_BET,1
64,B4fc5c5d2cc,ARM_HOLD,1
64,Bcfa314418d,ARM_BET,1
64,B62b2da0a5a,ARM_HOLD,1
64,Bcf8349b18e,ARM_HOLD,1
64,Bbc438bcd94,ARM_BET,1
64,Bbb2d1e5326,ARM_BET,1
64,Bb4fc12f427,ARM_BET,1
64,B9e5dcfcd89,ARM_BET,1
64,Bb51b032041,ARM_BET,1
64,Bf1a5ceab3f,ARM_BET,1
64,B8207ab26d5,ARM_HOLD,1
64,Bad26f0716c,ARM_HOLD,1
64,B225e426560,ARM_HOLD,1
64,Be109f29a9d,ARM_HOLD,1
64,B5b1f0087cd,ARM_HOLD,1
64,B35e2029045,ARM_HOLD,1
64,B6059487ab2,ARM_BET,1
64,B7c3dd2706f,ARM_HOLD,1
64,B14fd973986,ARM_HOLD,1
64,B257b584acf,ARM_HOLD,1
64,Ba4a7fd83d9,ARM_BET,1
64,Bd1298af0da,ARM_BET,1
64,B2324032fda,ARM_HOLD,1
64,B1070b7ff05,ARM_BET,1
64,B73d2a5e586,ARM_BET,1
64,Bdb1e9c274d,ARM_HOLD,1
64,Baa77872b43,ARM_HOLD,1
64,B6aa1e2044e,ARM_HOLD,1
64,Bd5dd67975b,ARM_BET,1
64,Be2e063b2a7,ARM_HOLD,1
64,Be75621ba84,ARM_HOLD,1
64,B9e7730f194,ARM_HOLD,1
64,B2b530c480b,ARM_BET,1
64,B4a0274ae73,ARM_BET,1
64,B964f7338f7,ARM_HOLD,1
64,B8b0ce830bc,ARM_HOLD,1
64,B4e4d103b6c,ARM_BET,1
64,B5cf2e93122,ARM_HOLD,1
64,Bfabf296136,ARM_BET,1
64,B24844beb0e,ARM_HOLD,1
64,Bb6d7ca1cf5,ARM_BET,1
64,Bd887df31dc,ARM_BET,1
64,B334ea0f73e,ARM_HOLD,1
64,B034c3b7c82,ARM_HOLD,1
64,B6e4a17670f,ARM_HOLD,1
64,Bd8c7499fc6,ARM_HOLD,1
64,B73ad93176c,ARM_HOLD,1
64,B7a8f85dd63,ARM_BET,1
64,B4ecaf87753,ARM_BET,1
64,B4680734fcf,ARM_HOLD,1
64,Ba50b768655,ARM_BET,1
64,B6f7de21b11,ARM_HOLD,1
64,B23192cba8b,ARM_BET,1
64,B1474e94749,ARM_BET,1
64,Bbabcd98516,ARM_HOLD,1
64,B9a6ff4e810,ARM_BET,1
64,B4e95ecb331,ARM_BET,1
64,B3287bd4fe1,ARM_HOLD,1
64,Be5aaab220f,ARM_HOLD,1
64,Bdf1550628f,ARM_BET,1
64,B569b79f600,ARM_BET,1
64,B60ed046894,ARM_BET,1
64,B78e3255517,ARM_HOLD,1
64,Be9df83111e,ARM_BET,1
64,B3da81189ad,ARM_BET,1
64,B5857459e6f,ARM_HOLD,1
64,Bdd9ed793fa,ARM_HOLD,1
64,B5d4c3e1a36,ARM_HOLD,1
64,B08d20af352,ARM_BET,1
64,Bd4a7ec2f95,ARM_BET,1
64,B298f9877a4,ARM_BET,1
64,B30fd8768c3,ARM_HOLD,1
64,Be54a2a0d1d,ARM_HOLD,1
64,Bf2fbf6b53f,ARM_HOLD,1
64,B38df7de57e,ARM_HOLD,1
64,B800d8a53ff,ARM_BET,1
64,B8eb222abf9,ARM_BET,1
64,B5767bc7b40,ARM_HOLD,1
64,B2489153574,ARM_BET,1
64,B689532b3f1,ARM_HOLD,1
64,Bfc96ff6426,ARM_HOLD,1
64,Bd66618b31c,ARM_BET,1
64,B70fdca3cd9,ARM_HOLD,1
64,B34d0907997,ARM_HOLD,1
64,B5ead4ac186,ARM_BET,1
64,Bcc20150bf9,ARM_HOLD,1
64,Bd6f2708767,ARM_HOLD,1
64,B14be507075,ARM_HOLD,1
64,Bc2a021da94,ARM_HOLD,1
64,B586b727c6f,ARM_BET,1
64,B38f28aa5d2,ARM_HOLD,1
64,B5b0db80753,ARM_HOLD,1
64,B554a13d453,ARM_BET,1
64,B5e528f100c,ARM_HOLD,1
64,B65470afa32,ARM_HOLD,1
64,Bf8aca333ec,ARM_BET,1
64,B684109c8c9,ARM_HOLD,1
64,B0ed60302be,ARM_BET,1
64,B91e5a5b7c8,ARM_HOLD,1
64,B7fab09387c,ARM_HOLD,1
64,Ba7619e626c,ARM_BET,1
64,B14c230e2d9,ARM_BET,1
64,Bcb89733349,ARM_BET,1
64,Be5f243ce09,ARM_BET,1
64,B6ee1c9201a,ARM_BET,1
64,Bf5d274cf70,ARM_HOLD,1
65,Bb0a105d834,ARM_HOLD,1
65,B4b4a8cb323,ARM_HOLD,1
65,Bae11e2093e,ARM_HOLD,1
65,Bc00fc4443e,ARM_BET,1
65,Bec6ad82035,ARM_BET,1
65,Bf0a50ed126,ARM_HOLD,1
65,B56b7d7369a,ARM_HOLD,1
65,B73147256d5,ARM_HOLD,1
65,B5ee9d27187,ARM_HOLD,1
65,B8fdfcf8f01,ARM_BET,1
65,B0282bd4501,ARM_BET,1
65,Be68b32377b,ARM_BET,1
65,Bdfc2fe2cbc,ARM_HOLD,1
65,B55c4a11837,ARM_HOLD,1
65,Bcab705535c,ARM_HOLD,1
65,Ba62a4a841b,ARM_HOLD,1
65,B4ca4ba011c,ARM_HOLD,1
65,B1d0e096fb4,ARM_HOLD,1
65,B2811c3b118,ARM_HOLD,1
65,B7735e456a2,ARM_HOLD,1
65,Bbeb704facf,ARM_BET,1
65,B24c89d7094,ARM_HOLD,1
65,B95523445b9,ARM_HOLD,1
65,Bbd2d023d8c,ARM_BET,1
65,B1d3c5b2496,ARM_BET,1
65,Bcfd57bb553,ARM_HOLD,1
65,Bdaac5d6992,ARM_HOLD,1
65,B00cff271bf,ARM_BET,1
65,B4bba46a870,ARM_HOLD,1
65,B47a719fe65,ARM_BET,1
65,B372fee20bc,ARM_HOLD,1
65,B15296df09d,ARM_BET,1
65,B3ef69c74d1,ARM_BET,1
65,B09165915bc,ARM_BET,1
65,B60f1bff2c0,ARM_HOLD,1
65,B90c1332d8e,ARM_BET,1
65,Bce5251cc4f,ARM_BET,1
65,Bd1c74b957c,ARM_BET,1
65,B75216d2780,ARM_HOLD,1
65,Bf2a41d6c8c,ARM_HOLD,1
65,Bd0e27f2aca,ARM_HOLD,1
65,Bfc7bf36191,ARM_HOLD,1
65,Be134fd1f91,ARM_BET,1
65,B9f19cea815,ARM_HOLD,1
65,B57d05aebbe,ARM_HOLD,1
65,B01995ad5a2,ARM_HOLD,1
65,B9558cd103a,ARM_HOLD,1
65,Bd1f3b827f5,ARM_HOLD,1
65,B8af2b0883e,ARM_HOLD,1
65,Bbade65a746,ARM_BET,1
65,Bd74ab7a47d,ARM_HOLD,1
65,Bab6ec4d534,ARM_BET,1
65,Ba4f65308f2,ARM_BET,1
65,B105b046920,ARM_HOLD,1
65,B80a294d1ac,ARM_BET,1
65,Be74b34defd,ARM_HOLD,1
65,Bf2d8dda5ee,ARM_HOLD,1
65,B5c05a3b5f3,ARM_HOLD,1
65,Bd5e6fbb32f,ARM_HOLD,1
65,Ba6ce0ede93,ARM_BET,1
65,B62b04ccbf6,ARM_HOLD,1
65,Bd616bb5809,ARM_BET,1
65,B7a5fdeaa82,ARM_BET,1
65,B0f4be51a30,ARM_BET,1
65,Bb5f515412a,ARM_HOLD,1
65,Bb5b8f784e4,ARM_BET,1
65,B920565bd6f,ARM_HOLD,1
65,B38004761f8,ARM_HOLD,1
65,B4bed6dd47a,ARM_HOLD,1
65,B11cb258ac4,ARM_BET,1
65,Beecad989eb,ARM_BET,1
65,B513e4834e7,ARM_HOLD,1
65,Bd2fe6ca5e0,ARM_BET,1
65,B0a781ba4a3,ARM_BET,1
65,B9f80cceda0,ARM_HOLD,1
65,B1bd5af865c,ARM_HOLD,1
65,B112c0009b9,ARM_HOLD,1
65,B685bf5e825,ARM_HOLD,1
65,B370e587ab5,ARM_HOLD,1
65,B3c7232a69a,ARM_BET,1
65,Baa6408b88a,ARM_BET,1
65,Bb8faad39a8,ARM_HOLD,1
65,Bc99d7f2517,ARM_HOLD,1
65,B82f1ffa2d9,ARM_HOLD,1
65,B8e32b4e69f,ARM_HOLD,1
65,B9f4934c719,ARM_HOLD,1
65,B7b30213a2c,ARM_HOLD,1
65,B5d3b98d9b2,ARM_HOLD,1
65,B15b9152ad3,ARM_BET,1
65,Bc4f5367d1b,ARM_BET,1
65,Bff2c87ef13,ARM_BET,1
65,B27398068ad,ARM_HOLD,1
66,Bb664e919d8,ARM_HOLD,1
66,Be9a32599c4,ARM_BET,1
66,B2bd15700fe,ARM_HOLD,1
66,Bf9dc477e8f,ARM_HOLD,1
66,B69d20181e6,ARM_HOLD,1
66,B10e66f7b6a,ARM_HOLD,1
66,Bed1a482492,ARM_BET,1
66,B8bb3f3e70b,ARM_HOLD,1
66,Be1ed3de753,ARM_BET,1
66,B39f6309fe0,ARM_HOLD,1
66,B196a022bb8,ARM_HOLD,1
66,B734291aec0,ARM_HOLD,1
66,B5a72e8ef69,ARM_HOLD,1
66,Be0b769a189,ARM_HOLD,1
66,Ba2235b308b,ARM_HOLD,1
66,Bc7bb2ef486,ARM_HOLD,1
66,B98321bd413,ARM_BET,1
66,B1e58d8c3f7,ARM_HOLD,1
66,B1cbbc9f667,ARM_HOLD,1
66,B5022817d85,ARM_BET,1
66,Bb2edd8c6f2,ARM_BET,1
66,Bb9ea514107,ARM_BET,1
66,Bec5e5ffc83,ARM_BET,1
66,B8c2b3f48e6,ARM_HOLD,1
66,Bca46b92c04,ARM_BET,1
66,B602634105a,ARM_HOLD,1
66,B9b838908ab,ARM_HOLD,1
66,B3731bd8067,ARM_HOLD,1
66,Bffe7149b68,ARM_HOLD,1
66,Bdabd26f59b,ARM_HOLD,1
66,Bf8fe6f6630,ARM_HOLD,1
66,B1744ff650a,ARM_BET,1
66,B71b72bd6ae,ARM_HOLD,1
66,Bd4a37c94aa,ARM_BET,1
66,B35b5a703ab,ARM_BET,1
66,Bcbf1553981,ARM_BET,1
66,B06f1712ca6,ARM_HOLD,1
66,B5770f3b982,ARM_BET,1
66,B2ad5cec2d9,ARM_BET,1
66,Bceb431abd8,ARM_BET,1
66,B855d3cb048,ARM_HOLD,1
66,Bf84732cf67,ARM_HOLD,1
66,Bd514acc5ad,ARM_HOLD,1
66,B5a4c112b47,ARM_HOLD,1
66,Bbd87ad3c35,ARM_HOLD,1
66,B1cf1699537,ARM_HOLD,1
66,Bd24a8d2cdf,ARM_BET,1
66,B3f478974a2,ARM_BET,1
66,Bad7d25e72e,ARM_BET,1
66,Bec1a1ad4ef,ARM_HOLD,1
66,B98b05cbfd7,ARM_BET,1
66,B1ae65343d5,ARM_HOLD,1
66,Bf58177694e,ARM_BET,1
66,B7f64fc3092,ARM_HOLD,1
66,B2328a62801,ARM_HOLD,1
66,Be47a1940ed,ARM_HOLD,1
66,B9b35583742,ARM_HOLD,1
66,B3419d9d7af,ARM_HOLD,1
66,B9a30f1e3ac,ARM_BET,1
66,B8175128f6b,ARM_HOLD,1
66,B3a9551ec9d,ARM_BET,1
66,Bed9b2ec138,ARM_HOLD,1
66,B692c228f7c,ARM_BET,1
66,B79a61c7759,ARM_BET,1
66,Bad5dec7f5f,ARM_HOLD,1
66,Bb40378e40e,ARM_BET,1
66,Bab399e12b2,ARM_BET,1
66,Bca3f783bfa,ARM_HOLD,1
66,B59437d0b0d,ARM_HOLD,1
66,Be2da1c66e3,ARM_HOLD,1
66,B7001417342,ARM_BET,1
66,B7266b11e2b,ARM_BET,1
66,Bfd16ebb65a,ARM_HOLD,1
66,Bfa69d640cb,ARM_BET,1
66,B7702c541fc,ARM_BET,1
66,B645eaa0b3e,ARM_BET,1
66,Bd9ab765333,ARM_HOLD,1
66,Bfb5bd66c0a,ARM_HOLD,1
66,Bb6c9531a73,ARM_HOLD,1
66,B3aa3123409,ARM_HOLD,1
66,Be754a5fad3,ARM_HOLD,1
66,Bd8cff074c5,ARM_BET,1
66,B8ea992ef2f,ARM_BET,1
66,Ba05138152d,ARM_HOLD,1
66,Bd929971620,ARM_BET,1
66,B2dcdfbd4f6,ARM_BET,1
66,Be6ddecde71,ARM_BET,1
66,Bdb848899ca,ARM_HOLD,1
66,B8af65ccceb,ARM_HOLD,1
66,B95bcd5dad5,ARM_HOLD,1
66,Bb7adda8707,ARM_BET,1
66,Bb98d397408,ARM_BET,1
66,B97dabd8404,ARM_HOLD,1
66,B0855f2762a,ARM_HOLD,1
66,B6305f146e3,ARM_BET,1
66,Bfa154520ac,ARM_HOLD,1
66,B53d1869f4d,ARM_HOLD,1
66,B8e0eaf4f99,ARM_BET,1
66,B3668216ccd,ARM_HOLD,1
66,B6fe348dfb2,ARM_HOLD,1
66,Bb98d397408,ARM_BET,1
66,B1f1aef4738,ARM_HOLD,1
66,B97dabd8404,ARM_HOLD,1
66,B67ff5b1369,ARM_BET,1
66,Bf3929c6a50,ARM_HOLD,1
66,Bea2a3d18f9,ARM_BET,1
66,B91d864ce2d,ARM_HOLD,1
66,B5bf061ce90,ARM_HOLD,1
66,Bdcd699c9cb,ARM_HOLD,1
66,Bc43efed1ad,ARM_HOLD,1
66,B868a6e2c13,ARM_BET,1
66,Bfc1777d522,ARM_BET,1
66,B2e919bf8ad,ARM_BET,1
66,B8af7b355bf,ARM_BET,1
66,B09ee2dc58b,ARM_BET,1
66,B6269c51768,ARM_BET,1
66,B55fa606251,ARM_HOLD,1
66,B393dd8cba6,ARM_HOLD,1
66,B45ec28791c,ARM_HOLD,1
66,B90c83e88d3,ARM_HOLD,1
66,Bfdbe24c183,ARM_HOLD,1
66,B9c792bfea8,ARM_BET,1
66,B27680df5cf,ARM_HOLD,1
66,B7ee690f359,ARM_BET,1
66,B2f27a00674,ARM_BET,1
66,B28676de542,ARM_BET,1
66,B9acb1c4796,ARM_HOLD,1
66,B525c5108b3,ARM_BET,1
66,B68c43afe22,ARM_HOLD,1
66,B6817843935,ARM_HOLD,1
66,Ba86013efde,ARM_BET,1
66,B4115cde277,ARM_HOLD,1
66,Ba59eaf8e17,ARM_BET,1
66,Bd638ee999b,ARM_BET,1
66,B789f4441a3,ARM_BET,1
66,B4b945804f1,ARM_BET,1
66,B4182d8ef3a,ARM_BET,1
66,Bd02d5149eb,ARM_HOLD,1
66,B273ec0fdcd,ARM_BET,1
66,B0743b9ba9d,ARM_BET,1
66,Bd0824ffbf6,ARM_BET,1
66,B5226f80026,ARM_HOLD,1
66,Bdc76a19471,ARM_BET,1
66,B79cbc9b5a7,ARM_BET,1
66,B651744c9fd,ARM_HOLD,1
66,Bceab8f8eb7,ARM_HOLD,1
66,B03ed8dd485,ARM_HOLD,1
66,B9daa0734fc,ARM_BET,1
66,Bf25c95e03f,ARM_BET,1
66,B9e93ea3a8d,ARM_HOLD,1
66,Bab646db29c,ARM_BET,1
66,B4fc8a9995b,ARM_BET,1
66,Bdb6f4a05ee,ARM_BET,1
66,Bb08b740f4a,ARM_HOLD,1
66,B5e9f4ab2f2,ARM_HOLD,1
66,Be531804a23,ARM_BET,1
66,B05430d66b7,ARM_BET,1
66,B42500a2d36,ARM_BET,1
66,B17698306c8,ARM_BET,1
66,B33d692f4d2,ARM_BET,1
66,Bdbf519ba01,ARM_BET,1
66,Ba50ea90a36,ARM_BET,1
66,Bfe2def6b33,ARM_BET,1
66,Bffd2009fc8,ARM_BET,1
66,B227bafcbfc,ARM_BET,1
66,Bf88171d76d,ARM_HOLD,1
66,Bafc9c76a1b,ARM_BET,1
66,Bc32e82d8ff,ARM_HOLD,1
66,Ba7427fa813,ARM_BET,1
66,Be17e90c4b7,ARM_HOLD,1
66,B52dac760c5,ARM_HOLD,1
66,B6ff2ef476f,ARM_BET,1
66,Bed55ca14a8,ARM_HOLD,1
66,Ba440c13848,ARM_HOLD,1
66,Bd6f3f93e82,ARM_BET,1
66,Be072cb88ac,ARM_BET,1
66,B96d08b0d8a,ARM_HOLD,1
66,B3901520dce,ARM_BET,1
67,Bffebba0e82,ARM_BET,1
67,B4584dfa368,ARM_HOLD,1
67,B73cab2f157,ARM_HOLD,1
67,B3c56b1ff68,ARM_HOLD,1
67,B59290b5d1e,ARM_BET,1
67,B200573fc97,ARM_BET,1
67,B6abcc8102f,ARM_HOLD,1
67,Bb817b6f5f9,ARM_BET,1
67,Bcdeee11c61,ARM_BET,1
67,Bf255253cb6,ARM_HOLD,1
67,Bbdfeb15e8f,ARM_HOLD,1
67,B1142c6ccf0,ARM_BET,1
67,B06aaea5d86,ARM_HOLD,1
67,B50e7f6325e,ARM_BET,1
67,Bab05dbbc09,ARM_BET,1
67,B6249c7e647,ARM_BET,1
67,B0ebb62c1cc,ARM_BET,1
67,B4945c24c02,ARM_BET,1
67,B6aa43a9457,ARM_HOLD,1
67,B4ef2b21dbd,ARM_HOLD,1
67,B1711554c99,ARM_HOLD,1
67,Bd64f76ed93,ARM_BET,1
67,B4760d0beac,ARM_HOLD,1
67,Bcc16d77a13,ARM_HOLD,1
67,Bdd22ceb54e,ARM_BET,1
67,B8ce224bc49,ARM_HOLD,1
67,B0b7f5f2645,ARM_HOLD,1
67,B49d0558c3d,ARM_HOLD,1
67,Bb1739a6542,ARM_HOLD,1
67,Be656b93377,ARM_HOLD,1
67,B68ac814b82,ARM_HOLD,1
67,Bb02d3a6692,ARM_HOLD,1
67,Bbd6ec6e12a,ARM_HOLD,1
67,Bc00758f0c8,ARM_BET,1
67,B5aecd9d034,ARM_HOLD,1
67,B10f2080cb0,ARM_BET,1
67,B3d7155b866,ARM_HOLD,1
67,B91757f8c1b,ARM_HOLD,1
67,B057996b692,ARM_BET,1
67,B9f325857f7,ARM_BET,1
67,B9be3f1458b,ARM_BET,1
67,B0df8832b58,ARM_HOLD,1
67,B4948d188e5,ARM_HOLD,1
67,Bf20ffb0bc1,ARM_BET,1
67,B3a09d9451f,ARM_HOLD,1
67,B0365545dc0,ARM_HOLD,1
67,B93c79d6bf0,ARM_BET,1
67,Bf2de0a9ed8,ARM_BET,1
67,B8f39d6ff5a,ARM_BET,1
67,Bcf2b202cb6,ARM_HOLD,1
67,Bc2a5e40e6c,ARM_HOLD,1
67,B979086ae2b,ARM_BET,1
67,Bb8d9a23dd2,ARM_HOLD,1
67,B68be6c7d87,ARM_BET,1
67,B74f4f17ff3,ARM_HOLD,1
67,B8dff5dcfc6,ARM_BET,1
67,B88c1042533,ARM_BET,1
67,B45c3547b68,ARM_BET,1
67,Bea8fcf60b7,ARM_BET,1
67,B715abab9c3,ARM_HOLD,1
67,Bfb266f6dfa,ARM_HOLD,1
67,Bb2ed9ab6b9,ARM_BET,1
67,B0589fcba4f,ARM_HOLD,1
67,B251bf8a630,ARM_HOLD,1
67,B8089cd1585,ARM_BET,1
67,B21ee759fe9,ARM_BET,1
67,Bd0d355a229,ARM_BET,1
67,Bfae8a06aee,ARM_HOLD,1
67,Be3df02a395,ARM_HOLD,1
67,Ba2fcd0ab45,ARM_HOLD,1
67,B392def1285,ARM_BET,1
67,B0a6d064a2f,ARM_BET,1
67,B6dcd60a992,ARM_BET,1
67,Be24c0b37e5,ARM_HOLD,1
67,B1c5fbb6aed,ARM_BET,1
67,B9f6daddb6c,ARM_BET,1
67,Ba9f6eb8712,ARM_HOLD,1
67,B412cfdbabe,ARM_BET,1
67,B115590ed5d,ARM_HOLD,1
67,B609e61a36b,ARM_HOLD,1
67,B5ee77eabe7,ARM_BET,1
67,Ba38beef1ad,ARM_BET,1
67,B7df8f4fe54,ARM_HOLD,1
67,Bb3f9d26978,ARM_BET,1
67,Be33ac5312b,ARM_BET,1
67,Ba59317faa7,ARM_BET,1
67,Bc540c9c4aa,ARM_HOLD,1
67,Bf2a5adafad,ARM_HOLD,1
67,B30149eba3d,ARM_HOLD,1
67,B5149dd7bc1,ARM_HOLD,1
67,B73a5ce2722,ARM_BET,1
67,B9418d3d0f3,ARM_BET,1
67,Bf27477aaba,ARM_HOLD,1
67,B8b396cfe2d,ARM_HOLD,1
67,Bee56653716,ARM_BET,1
67,B253195583f,ARM_BET,1
67,Bfc8af01e30,ARM_BET,1
67,B724cd93a83,ARM_BET,1
67,B72a610e7b7,ARM_BET,1
67,B2b3a19c535,ARM_BET,1
67,B0d32b0159a,ARM_BET,1
67,B73ece2af73,ARM_HOLD,1
67,B1f379a9103,ARM_HOLD,1
67,B33a7fcb1d9,ARM_HOLD,1
67,B9d83ea8d27,ARM_BET,1
67,B4bb58296f4,ARM_HOLD,1
67,B42e694a12c,ARM_HOLD,1
67,Baaca88cc4b,ARM_BET,1
67,Bea07762415,ARM_HOLD,1
67,B1c0d3a879b,ARM_BET,1
67,B98eb89d0a7,ARM_BET,1
67,B4c4348dfe3,ARM_BET,1
67,B4be6b0c434,ARM_BET,1
67,B07144c8f47,ARM_BET,1
67,B8e272c5780,ARM_BET,1
67,Bf5c6de7b73,ARM_HOLD,1
67,B701a71c03a,ARM_BET,1
67,B77af91c438,ARM_HOLD,1
67,B2e7e95b94b,ARM_HOLD,1
67,Bd9002de7a6,ARM_HOLD,1
67,B762e2a65a2,ARM_HOLD,1
67,B75a98dbc75,ARM_HOLD,1
67,B0136aa9fe1,ARM_BET,1
67,Bf0a48117d3,ARM_BET,1
67,Bf9c7c56553,ARM_BET,1
67,B9892c1333b,ARM_BET,1
67,B23945475f8,ARM_BET,1
67,B8a9fb342b4,ARM_BET,1
67,B46276f1458,ARM_HOLD,1
67,Bb3423f53e9,ARM_HOLD,1
67,Bd939d08a1f,ARM_BET,1
67,Bd47ddf895c,ARM_BET,1
67,B22819ba685,ARM_HOLD,1
67,B549f8fa4b2,ARM_BET,1
67,B17489e9c41,ARM_HOLD,1
67,Be0d2b614b3,ARM_BET,1
67,Bbd0bd009fb,ARM_HOLD,1
67,B10c4c4039e,ARM_HOLD,1
67,B7c2139f75f,ARM_BET,1
67,B435e79e32d,ARM_BET,1
67,Baca32bfffb,ARM_HOLD,1
67,B25fc26fb74,ARM_HOLD,1
67,B8008b044e8,ARM_HOLD,1
67,B154f7e78fc,ARM_BET,1
67,B1fed8ea198,ARM_BET,1
67,Bd9667a7c08,ARM_BET,1
67,Bc3b165758b,ARM_BET,1
67,Bc4dc0fc59f,ARM_BET,1
67,B54ca269f04,ARM_BET,1
67,B9c431fa698,ARM_BET,1
67,B3a70d9fecb,ARM_HOLD,1
67,Bb8892e433b,ARM_HOLD,1
67,Bf80b4df083,ARM_HOLD,1
67,Bb157ede73c,ARM_HOLD,1
67,B6618d2f186,ARM_HOLD,1
67,B21ab38e974,ARM_BET,1
68,B56f31cf838,ARM_BET,1
68,B1b485962d5,ARM_BET,1
68,Bcbedca1d6a,ARM_HOLD,1
68,B1443d96ac3,ARM_HOLD,1
68,Ba62adb18c1,ARM_HOLD,1
68,B1e16ea65ae,ARM_HOLD,1
68,Bcbcddf008b,ARM_BET,1
68,Bc9aa825db6,ARM_HOLD,1
68,B3b878fad22,ARM_BET,1
68,Be033452026,ARM_HOLD,1
68,B6b36c03771,ARM_BET,1
68,B11dfa7655a,ARM_HOLD,1
68,B2e388dc0e8,ARM_HOLD,1
68,B0b209c09b2,ARM_HOLD,1
68,B37d738964c,ARM_HOLD,1
68,B731944ce39,ARM_BET,1
68,B35e01f8e77,ARM_BET,1
68,Bea789985c9,ARM_BET,1
68,B67107a7953,ARM_BET,1
68,B097b5a4d8e,ARM_BET,1
68,B97885a6e11,ARM_HOLD,1
68,B4e6798dd15,ARM_HOLD,1
68,B955fb20fa2,ARM_BET,1
68,B0b4315278a,ARM_HOLD,1
68,Bf4271d7622,ARM_HOLD,1
68,B81bf83e4ea,ARM_HOLD,1
68,B37a2d24f17,ARM_BET,1
68,B57fffce91a,ARM_HOLD,1
68,B76a782db96,ARM_BET,1
68,B3dcd906481,ARM_HOLD,1
68,B7feea92a1b,ARM_BET,1
68,B402899b784,ARM_BET,1
68,B3b02d4f907,ARM_BET,1
68,B77ece58828,ARM_HOLD,1
68,B0d1a220598,ARM_HOLD,1
68,B0881b7ce2a,ARM_HOLD,1
68,B1b3995857c,ARM_HOLD,1
68,Bb32c769e1f,ARM_BET,1
68,B7ad3fec683,ARM_HOLD,1
68,Bd177f498ce,ARM_HOLD,1
68,B1b1667282a,ARM_BET,1
68,Bc51f09785a,ARM_BET,1
68,B8557c8fcf6,ARM_BET,1
68,B7451c204df,ARM_BET,1
68,B02656baaed,ARM_BET,1
68,B2692e9b756,ARM_HOLD,1
68,B31f08f021d,ARM_HOLD,1
68,B79f797601d,ARM_BET,1
68,Babc19f3f95,ARM_HOLD,1
68,B12c47dfccc,ARM_BET,1
68,B6084421779,ARM_BET,1
68,Befde39c46b,ARM_HOLD,1
68,Ba12a32af93,ARM_HOLD,1
68,Bcdbe03c225,ARM_BET,1
68,B85f73027e9,ARM_HOLD,1
68,B4c94d236e0,ARM_BET,1
68,B96042d8194,ARM_HOLD,1
68,B243220d52c,ARM_BET,1
68,B73326e873b,ARM_BET,1
68,B4f7a3e906e,ARM_HOLD,1
68,B8dde9c14d8,ARM_BET,1
68,B8100835339,ARM_HOLD,1
68,B05c6c18226,ARM_HOLD,1
68,Bb5989282d0,ARM_BET,1
68,B7888845093,ARM_HOLD,1
68,B983df98cac,ARM_BET,1
68,Ba5471cbef2,ARM_BET,1
68,B104a72570e,ARM_BET,1
68,Bbd7cd82481,ARM_HOLD,1
68,B91192ab91b,ARM_BET,1
68,B04b67f70b7,ARM_BET,1
68,B43e5f04fe8,ARM_HOLD,1
68,Bd648bc9289,ARM_HOLD,1
68,Bd49a1e5cbf,ARM_BET,1
68,B86fae0ef8c,ARM_BET,1
68,Bd68d5f7f65,ARM_BET,1
68,Bc12d1a71d9,ARM_BET,1
68,B3ee61d52a8,ARM_BET,1
68,B375d4bb341,ARM_BET,1
68,Ba0e3f490e6,ARM_BET,1
68,B808dcc083e,ARM_BET,1
68,B15f48c7e4b,ARM_HOLD,1
68,Bdb6f23d468,ARM_HOLD,1
68,B67f41ffef5,ARM_HOLD,1
68,B24e60c4cae,ARM_HOLD,1
68,B09a2892710,ARM_HOLD,1
68,Be630c2a2ad,ARM_HOLD,1
68,B16bb7b5f46,ARM_HOLD,1
68,Ba598d9e307,ARM_HOLD,1
68,B0a994b51d6,ARM_HOLD,1
68,B45d2640273,ARM_HOLD,1
68,Bed6bfb70d6,ARM_BET,1
68,B20075af21a,ARM_HOLD,1
68,Bd454231bf2,ARM_BET,1
68,B7c09ef5581,ARM_BET,1
68,B62b3a0713f,ARM_BET,1
68,B4e3e8bddb9,ARM_HOLD,1
68,Bf451dc49ad,ARM_BET,1
68,B1e1584c377,ARM_HOLD,1
68,B56995786f0,ARM_HOLD,1
68,B271c639392,ARM_HOLD,1
68,Bcab750dc4c,ARM_BET,1
68,Bb5236045ab,ARM_HOLD,1
68,Bd91e0c3de1,ARM_BET,1
68,B4da5dbf36a,ARM_HOLD,1
68,B7ca445357c,ARM_BET,1
68,B236759bf9a,ARM_HOLD,1
68,B2390f10d8d,ARM_HOLD,1
68,Bdc1541e673,ARM_BET,1
68,B18ba939081,ARM_HOLD,1
68,B94f36568e3,ARM_BET,1
68,B37f542227b,ARM_HOLD,1
68,B7f217b1780,ARM_HOLD,1
68,B69e0ed4b05,ARM_BET,1
68,B1c79a4c818,ARM_BET,1
68,B9412790e59,ARM_BET,1
68,B863261f9be,ARM_BET,1
68,B0f53764448,ARM_HOLD,1
68,B1e2cd5deb5,ARM_HOLD,1
68,Bc05ade231b,ARM_BET,1
68,Bb93da9e23f,ARM_BET,1
68,B36c8a343bf,ARM_HOLD,1
68,B9dcab50c3a,ARM_HOLD,1
68,B0d23db4e97,ARM_HOLD,1
68,Bfff3303b2f,ARM_HOLD,1
68,B5388d90007,ARM_HOLD,1
68,B5df748fd99,ARM_HOLD,1
68,B74b1ae2125,ARM_HOLD,1
68,B10a5f845c8,ARM_BET,1
68,B8498d1056b,ARM_BET,1
68,B07f4700afd,ARM_BET,1
68,Bc1276800e5,ARM_HOLD,1
68,Bb0567fa7d5,ARM_BET,1
68,Bab6434c244,ARM_HOLD,1
68,B4925e07051,ARM_HOLD,1
68,Bb3128add44,ARM_BET,1
68,B2dd0e113db,ARM_BET,1
68,B4ba1be0d98,ARM_BET,1
68,Bcae5fdf284,ARM_HOLD,1
68,B0a25903320,ARM_BET,1
68,B019e10e461,ARM_BET,1
68,Bb26da9949a,ARM_BET,1
68,Bad1fba72e4,ARM_HOLD,1
68,Ba54a0ee4d4,ARM_BET,1
68,Bf80679ef97,ARM_BET,1
68,B30832b015b,ARM_BET,1
68,B7808fc42fe,ARM_BET,1
68,B482c568470,ARM_HOLD,1
68,B6550aeae6f,ARM_BET,1
68,B282028426d,ARM_HOLD,1
68,B9b0488a7b2,ARM_BET,1
68,B0a21acf980,ARM_BET,1
68,B12585c1f6e,ARM_BET,1
68,B110e841b61,ARM_HOLD,1
68,B4f29afed43,ARM_BET,1
68,B55ffb1c8a1,ARM_HOLD,1
68,B84b54b3714,ARM_BET,1
68,B301d887920,ARM_HOLD,1
68,B473e0f8b81,ARM_BET,1
68,B8555afc763,ARM_HOLD,1
68,B535f9d481e,ARM_BET,1
68,Babf9069af0,ARM_HOLD,1
68,B4aa60f48d8,ARM_HOLD,1
68,B8da4d162d0,ARM_BET,1
68,B8b2b855fdf,ARM_BET,1
68,B8ba8d478ed,ARM_HOLD,1
68,B5acab851b8,ARM_HOLD,1
68,B6420cdab01,ARM_HOLD,1
68,Bda180d9587,ARM_HOLD,1
68,B5d72884144,ARM_BET,1
68,B518a8ff1b6,ARM_BET,1
68,B668a623099,ARM_BET,1
68,B158422b723,ARM_BET,1
68,B5c1cb27471,ARM_HOLD,1
68,B64e82b7cc0,ARM_BET,1
68,Ba745e61760,ARM_HOLD,1
68,Ba39664319b,ARM_BET,1
68,B530129c711,ARM_HOLD,1
68,B54f0e80365,ARM_HOLD,1
68,Bb7bde7e9b9,ARM_HOLD,1
68,Bfd2867e86e,ARM_HOLD,1
68,B85d942d2e7,ARM_HOLD,1
68,Bda3622244f,ARM_HOLD,1
68,B91fb57f05a,ARM_HOLD,1
68,B6dd3c2b960,ARM_HOLD,1
68,Bfab6a5b917,ARM_HOLD,1
68,B34d0795b99,ARM_HOLD,1
69,B089a1467ad,ARM_BET,1
69,Beae04e35af,ARM_BET,1
69,Bb2fec2d564,ARM_HOLD,1
69,Bf8b3bb74e9,ARM_HOLD,1
69,B663ffab733,ARM_HOLD,1
69,Bd7891679ce,ARM_BET,1
69,B619d64e71f,ARM_BET,1
69,B053bf17752,ARM_HOLD,1
69,Bf779511903,ARM_BET,1
69,B919b4d743a,ARM_BET,1
69,Bb9aafed779,ARM_HOLD,1
69,B009201dd6f,ARM_BET,1
69,B4dc56180f2,ARM_HOLD,1
69,B248597ed36,ARM_HOLD,1
69,B24b91d2686,ARM_HOLD,1
69,Bfc102207a0,ARM_HOLD,1
69,B0c1fbdf09d,ARM_HOLD,1
69,B936feb4f67,ARM_BET,1
69,B5fd4f574ae,ARM_HOLD,1
69,B47b9690a2e,ARM_BET,1
69,B61c8555af0,ARM_HOLD,1
69,Bfc5c6f989a,ARM_HOLD,1
69,B55cb43d0e9,ARM_HOLD,1
69,Bc3fc7289ee,ARM_BET,1
69,Ba286e133e0,ARM_HOLD,1
69,Bcf1559ca59,ARM_HOLD,1
69,B882e75f6b8,ARM_HOLD,1
69,B387dfabe9a,ARM_HOLD,1
69,B0f3eca4843,ARM_BET,1
69,B59a9679d28,ARM_HOLD,1
69,B18ab4c19a5,ARM_BET,1
69,Bbad18d4e75,ARM_BET,1
69,B44a96bfe2b,ARM_HOLD,1
69,B0f5f36d573,ARM_HOLD,1
69,B293a03b447,ARM_HOLD,1
69,B3863145896,ARM_BET,1
69,B3f16319407,ARM_HOLD,1
69,Bf7779a20e9,ARM_BET,1
69,B5ea5c233c2,ARM_BET,1
69,B4cdb48e4c5,ARM_HOLD,1
69,B2871ac99cb,ARM_HOLD,1
69,Bdafc8e61ff,ARM_HOLD,1
69,Bfde295307c,ARM_HOLD,1
69,Bba6928aed0,ARM_HOLD,1
69,Bcbc002251f,ARM_HOLD,1
69,B972eb57285,ARM_HOLD,1
69,B8b4f8b2828,ARM_BET,1
69,B73a739a479,ARM_HOLD,1
69,B65ab1152d3,ARM_HOLD,1
69,Bdd76cfe903,ARM_BET,1
69,B1f815c0545,ARM_HOLD,1
69,B1b594018f4,ARM_BET,1
69,B3bd0e96733,ARM_HOLD,1
69,B9b00173ea6,ARM_BET,1
69,B7d2d42ce7b,ARM_HOLD,1
69,B1cee52473e,ARM_HOLD,1
69,B272c021ebd,ARM_BET,1
69,Bf1b91b3ab5,ARM_HOLD,1
69,B077faa418a,ARM_HOLD,1
69,B33487fcdde,ARM_HOLD,1
69,B4dc1e36088,ARM_BET,1
69,B3aab5b28dc,ARM_HOLD,1
69,B17c0607f8a,ARM_HOLD,1
69,B05dba1baf9,ARM_BET,1
69,Bbd7939a492,ARM_BET,1
69,B98f82603ae,ARM_HOLD,1
69,B9846ec928e,ARM_BET,1
69,B1ca0f8118e,ARM_BET,1
69,B4dc1e36088,ARM_BET,1
69,B3a5a9ad8f7,ARM_BET,1
69,Be3dc66a189,ARM_HOLD,1
69,B33487fcdde,ARM_HOLD,1
69,Bfec4ed7b53,ARM_HOLD,1
69,B07561b728b,ARM_BET,1
69,B2e48b52011,ARM_HOLD,1
69,B0636ed8678,ARM_HOLD,1
69,B57ef9b55f8,ARM_BET,1
69,B0abb3397a4,ARM_BET,1
69,B204ba7d786,ARM_HOLD,1
69,Bb3e6c05d9f,ARM_BET,1
69,Bf44807c7c5,ARM_HOLD,1
69,Be148793b34,ARM_HOLD,1
69,B5fbc69ee96,ARM_HOLD,1
69,B0a8764afcd,ARM_BET,1
69,B0386ba18ba,ARM_HOLD,1
69,Bede556f543,ARM_HOLD,1
69,Be5f7dffdee,ARM_HOLD,1
69,B0a38b0525f,ARM_HOLD,1
69,B1fb6d94e9a,ARM_HOLD,1
69,B6dd5133f6b,ARM_HOLD,1
69,B1e1474df15,ARM_HOLD,1
69,B1c14848b81,ARM_HOLD,1
69,Becf0fee051,ARM_BET,1
69,B3ed6ac8052,ARM_HOLD,1
69,Bc85cace351,ARM_BET,1
69,Bb217ef85e7,ARM_HOLD,1
69,B9b658485f9,ARM_BET,1
69,B66aee2b8c4,ARM_BET,1
69,B25a95d28f0,ARM_HOLD,1
69,B84d6ef5cb8,ARM_HOLD,1
69,B0fe8b8947c,ARM_BET,1
69,B1c7cc26c15,ARM_BET,1
69,B93faefe2a2,ARM_HOLD,1
69,B9639ce2377,ARM_BET,1
69,B032348a5ee,ARM_BET,1
69,Bbd17559c14,ARM_BET,1
69,B95b3b4f2d8,ARM_HOLD,1
69,Bf4382097b1,ARM_HOLD,1
69,Bc067e117eb,ARM_HOLD,1
69,B30f70489f2,ARM_HOLD,1
69,Bb8e95e9249,ARM_BET,1
69,Bb90ad720bf,ARM_HOLD,1
69,B6b56513884,ARM_HOLD,1
69,B620329581c,ARM_BET,1
69,B26428c722d,ARM_BET,1
69,B573c592ab8,ARM_HOLD,1
69,Bbd4e8d1c72,ARM_BET,1
69,B333d8c7eb0,ARM_HOLD,1
69,B698120acf2,ARM_BET,1
69,B9abee6fb6f,ARM_BET,1
69,Bba38e8ef37,ARM_BET,1
69,B4c3dc7b28b,ARM_HOLD,1
69,Bdb7359cb6e,ARM_HOLD,1
69,Bd25928090a,ARM_BET,1
69,B04f758cd0d,ARM_HOLD,1
69,B51cfefe80c,ARM_BET,1
69,B75b6ced64d,ARM_BET,1
69,B936095c379,ARM_HOLD,1
69,Be20d0a3424,ARM_HOLD,1
69,B17cf0571b9,ARM_HOLD,1
69,Ba98da9a9ca,ARM_BET,1
69,Ba64e7e2c75,ARM_HOLD,1
69,B7fabc75240,ARM_HOLD,1
69,Bbbf747a22e,ARM_HOLD,1
69,B24f37a2683,ARM_BET,1
69,B318e1c5f0b,ARM_BET,1
69,B04de10e80d,ARM_BET,1
69,B74cac299af,ARM_BET,1
69,B0b8992293d,ARM_BET,1
69,B66e3d55838,ARM_BET,1
69,Bd72e74700a,ARM_BET,1
69,B921b9d6f50,ARM_HOLD,1
69,B80fb767ea7,ARM_BET,1
69,B0d83f07585,ARM_BET,1
69,B87a29d5d14,ARM_HOLD,1
69,B627264cd5e,ARM_HOLD,1
69,Ba92d096efe,ARM_HOLD,1
69,Bea2d8ed530,ARM_BET,1
69,Ba80242da39,ARM_BET,1
69,Ba7ffdb3ba0,ARM_BET,1
69,Bda45f6f300,ARM_BET,1
69,B5b3ba0eade,ARM_BET,1
69,Bf10645eeb6,ARM_HOLD,1
69,Bf2ca01b79a,ARM_HOLD,1
69,Ba4b0cbbdc8,ARM_HOLD,1
69,B5ea8a0fa7e,ARM_HOLD,1
69,Bf1a651c0c8,ARM_HOLD,1
69,Ba5b53b4caa,ARM_BET,1
69,B549ff5cdd1,ARM_HOLD,1
69,Bf37073f737,ARM_BET,1
69,B0f1fbc6054,ARM_BET,1
69,Bdeb806cbb7,ARM_BET,1
69,B9341921ef4,ARM_BET,1
69,B82eae0aeeb,ARM_HOLD,1
69,B9aebb02cf7,ARM_HOLD,1
69,B6ed8d411cc,ARM_BET,1
69,B1fab27422f,ARM_HOLD,1
69,B3df13b7a08,ARM_BET,1
69,B3ee88b9c8e,ARM_BET,1
69,B9ad67cd0df,ARM_HOLD,1
69,Bab1fed1122,ARM_BET,1
69,Bf4a3c8c586,ARM_BET,1
69,Bf6ac250151,ARM_HOLD,1
69,B08f804e3b1,ARM_HOLD,1
69,B5895c40596,ARM_BET,1
69,B0b619ef5a3,ARM_HOLD,1
70,B1fba13bc3b,ARM_HOLD,1
70,Bbc10434b34,ARM_HOLD,1
70,B93a6d3f3cb,ARM_HOLD,1
70,B24e38c9dad,ARM_BET,1
70,Bb58444df1f,ARM_HOLD,1
70,B64cf2325f6,ARM_HOLD,1
70,B37ae2eb9f2,ARM_BET,1
70,Be3b36a54a9,ARM_HOLD,1
70,Bb491c7889c,ARM_BET,1
70,Bdb2d07c167,ARM_BET,1
70,Bcf19d30d9a,ARM_BET,1
70,Be25f07891f,ARM_BET,1
70,Ba6f84585be,ARM_HOLD,1
70,B38ee6709fe,ARM_BET,1
70,Ba38acec07a,ARM_BET,1
70,Bc5e726b91f,ARM_BET,1
70,Bedd7b45116,ARM_HOLD,1
70,B923f288c02,ARM_BET,1
70,B1631f402f7,ARM_HOLD,1
70,Bbd9fb728aa,ARM_BET,1
70,Bd5d50ed307,ARM_HOLD,1
70,B085e1e49e9,ARM_BET,1
70,B97ec600313,ARM_HOLD,1
70,B5dbde0b8a3,ARM_BET,1
70,B464ef3d338,ARM_HOLD,1
70,B8a5c44b359,ARM_HOLD,1
70,Bbb7a184a4a,ARM_BET,1
70,B35573c6720,ARM_HOLD,1
70,B4bc1cd57a1,ARM_HOLD,1
70,B1f4fcdd462,ARM_HOLD,1
70,B87b636b7d1,ARM_BET,1
70,B1415d71a91,ARM_HOLD,1
70,Beb3ae1f68e,ARM_HOLD,1
70,B2383e27e96,ARM_BET,1
70,Bb75f05a4ae,ARM_HOLD,1
70,B97a22a315e,ARM_BET,1
70,B6036ebed3a,ARM_BET,1
70,B4b4e54e5a0,ARM_HOLD,1
70,B86b194e2bc,ARM_BET,1
70,B18023edb36,ARM_HOLD,1
70,B5fe4fa2f8e,ARM_HOLD,1
70,Ba67af1b64d,ARM_HOLD,1
70,Bf2085b7957,ARM_HOLD,1
70,Bc5c1a5033f,ARM_BET,1
70,Bdff8a8ca96,ARM_HOLD,1
70,Baa1c115cb6,ARM_BET,1
70,Bc3dcb525c6,ARM_BET,1
70,Be26fc9effa,ARM_BET,1
70,B8ad21c7b89,ARM_BET,1
70,Bdcf5976267,ARM_HOLD,1
70,B8b0e50272f,ARM_BET,1
70,Bacf88dd487,ARM_HOLD,1
70,Bb8e0876f94,ARM_HOLD,1
70,B10b8507b0d,ARM_BET,1
70,B0d79626df9,ARM_BET,1
70,B0dfca9f7eb,ARM_BET,1
70,B087f363b72,ARM_BET,1
70,B8dddbf1e06,ARM_BET,1
70,B12ac61e4cf,ARM_HOLD,1
70,B941b0c43eb,ARM_BET,1
70,B0406b1fc2f,ARM_BET,1
70,B23c3357620,ARM_HOLD,1
70,Bf5651c483d,ARM_BET,1
70,B2b7c37dd66,ARM_BET,1
70,B37a1bd27e5,ARM_HOLD,1
70,B06da9063c6,ARM_BET,1
70,B54b28a6779,ARM_HOLD,1
70,Bdeaa7ecbda,ARM_HOLD,1
70,B9be701ae00,ARM_HOLD,1
70,B6cfb52dd05,ARM_BET,1
70,B3c42a63298,ARM_BET,1
70,B8942c03bd2,ARM_HOLD,1
70,Bd2322eed9c,ARM_HOLD,1
70,B6114b63d1d,ARM_HOLD,1
70,Ba56dc7abaa,ARM_HOLD,1
70,B0e667f8a27,ARM_HOLD,1
70,B19e388c13d,ARM_BET,1
70,B53c312eb3d,ARM_HOLD,1
70,B5a57262dff,ARM_HOLD,1
70,B8c89eda5a9,ARM_HOLD,1
70,B2b2158befe,ARM_BET,1
70,B3713ac7719,ARM_HOLD,1
70,Bc0731bdb68,ARM_BET,1
70,B2fb245dab8,ARM_HOLD,1
70,B3373451a0a,ARM_HOLD,1
70,Be9abeed478,ARM_HOLD,1
70,B30731d983a,ARM_HOLD,1
70,Bed4fab8fea,ARM_BET,1
70,Bfe852833b1,ARM_HOLD,1
70,B2ecbedfc8c,ARM_HOLD,1
70,B0870c324f4,ARM_BET,1
70,B47c9a5baa5,ARM_BET,1
70,Ba78d167f21,ARM_BET,1
70,Ba587fb5b48,ARM_HOLD,1
70,Bdc64c9002d,ARM_HOLD,1
70,B0855ef568f,ARM_HOLD,1
70,B5d3d040cd4,ARM_BET,1
70,B8ebfdd1c0b,ARM_HOLD,1
70,B440183972a,ARM_HOLD,1
70,Bdecc296793,ARM_BET,1
70,Bb3a1dd15ee,ARM_HOLD,1
70,B72afdacd1f,ARM_BET,1
70,B8a0319fbf1,ARM_BET,1
70,B50dfb1cb35,ARM_HOLD,1
70,Bc12adcbad1,ARM_BET,1
70,Bd822687591,ARM_HOLD,1
70,B70d9d4af52,ARM_HOLD,1
70,B045042a1bd,ARM_BET,1
70,B3383e7111c,ARM_BET,1
70,Ba76ec0ad42,ARM_BET,1
70,B890636b9eb,ARM_BET,1
70,Bc60c3e8bcc,ARM_BET,1
70,Beda8ba05d9,ARM_BET,1
70,B3e0f734c89,ARM_BET,1
70,Bf46647628e,ARM_BET,1
70,Ba61d06cd94,ARM_BET,1
70,B165f4f3aca,ARM_BET,1
70,B25b8ef4034,ARM_BET,1
70,Bb6e1045928,ARM_HOLD,1
70,B613ef1c67d,ARM_BET,1
70,Bc5433e8e71,ARM_BET,1
70,B055fa4cb04,ARM_HOLD,1
70,B4f365dcff5,ARM_BET,1
70,B7084e27f9d,ARM_HOLD,1
70,Bf5ebd85f6a,ARM_HOLD,1
70,B85671432d4,ARM_HOLD,1
70,Bf329513cc7,ARM_BET,1
70,B8af327ba82,ARM_BET,1
70,B11ae5378fd,ARM_BET,1
70,B8ed1f79271,ARM_HOLD,1
70,B40b74f1756,ARM_HOLD,1
70,Bf2f948dd29,ARM_BET,1
70,B7a9b8779ae,ARM_BET,1
70,Bd309f58675,ARM_HOLD,1
70,Bd6995c38f1,ARM_BET,1
70,Bc7abcffe03,ARM_BET,1
70,B97e6673cdb,ARM_BET,1
70,B2c9db3a112,ARM_BET,1
70,B32d2213e9c,ARM_HOLD,1
70,Bbbf9c7cf3e,ARM_HOLD,1
70,B8aba4ee138,ARM_HOLD,1
70,B4f5f7718be,ARM_HOLD,1
70,B1c7e75b921,ARM_BET,1
70,Bec1573f0a5,ARM_BET,1
70,B1a5e33fbd6,ARM_HOLD,1
70,Ba3cdcc8547,ARM_HOLD,1
70,B39b0c90e35,ARM_BET,1
70,Bcce944fca2,ARM_HOLD,1
70,B67bfb1a55b,ARM_HOLD,1
70,B750b3a7af1,ARM_HOLD,1
70,B1474019d62,ARM_BET,1
70,Bff88dba1a1,ARM_HOLD,1
70,Bc4063ef8d6,ARM_BET,1
70,B99f1bfc91f,ARM_BET,1
70,Bd185e8d2be,ARM_HOLD,1
70,Bfc02d60373,ARM_BET,1
70,Bc138b5741d,ARM_HOLD,1
70,B00c126379b,ARM_BET,1
70,Bb8bd779c86,ARM_HOLD,1
70,B34e0d4b6df,ARM_HOLD,1
70,B473b58ab1a,ARM_BET,1
70,B623f183dff,ARM_BET,1
70,Be0b30af702,ARM_HOLD,1
70,Bb99c0d19b2,ARM_BET,1
70,Bd7bada8f5f,ARM_BET,1
70,B604654136a,ARM_HOLD,1
70,Bf214949420,ARM_HOLD,1
70,Bb6757f066b,ARM_HOLD,1
70,B29e65c0c26,ARM_BET,1
70,B5620849755,ARM_HOLD,1
70,Bc62aa31dea,ARM_HOLD,1
70,Bfdb3d81dc3,ARM_HOLD,1
70,B9922eec3f2,ARM_HOLD,1
70,B48e2121b81,ARM_HOLD,1
70,B9fb7da0bd9,ARM_BET,1
70,B1674d0bd73,ARM_HOLD,1
70,B6f6ae32644,ARM_HOLD,1
70,Bdd119ddd65,ARM_BET,1
70,Ba3cbaf3871,ARM_HOLD,1
70,Bc2718d4c3d,ARM_HOLD,1
70,B5900d5ff1b,ARM_HOLD,1
70,Baa9e99c521,ARM_HOLD,1
70,Bfbf1316c8f,ARM_HOLD,1
70,B8d05dd63da,ARM_BET,1
70,B05986077f8,ARM_HOLD,1
70,Bc0d01b42ab,ARM_HOLD,1
70,B64b20378f7,ARM_HOLD,1
70,B434edab32a,ARM_BET,1
70,B19550896fa,ARM_BET,1
70,Bb6af9bca2a,ARM_BET,1
70,Be6fb0a770f,ARM_HOLD,1
70,B25a8949a95,ARM_HOLD,1
70,B9285144c9b,ARM_BET,1
71,B144149e160,ARM_BET,1
71,Bdfc85fb65e,ARM_HOLD,1
71,Bd035a4ef09,ARM_BET,1
71,B724838d6b3,ARM_BET,1
71,Bf89e7d8f56,ARM_BET,1
71,Bd38791366d,ARM_BET,1
71,Bc92090890d,ARM_HOLD,1
71,B60b9f07e72,ARM_BET,1
71,B1fddaac923,ARM_HOLD,1
71,B14d7a2d38c,ARM_BET,1
71,Bb0544180e1,ARM_BET,1
71,Bebe94d869f,ARM_BET,1
71,Beb46460634,ARM_BET,1
71,B9d0e91b5b7,ARM_BET,1
71,B4af100b071,ARM_HOLD,1
71,B1549fecf62,ARM_HOLD,1
71,B8ae03c90cc,ARM_BET,1
71,Bbc09704c03,ARM_BET,1
71,B862bf516cf,ARM_BET,1
71,B14dbee64a2,ARM_BET,1
71,Bfb05f4d902,ARM_HOLD,1
71,B068524b37d,ARM_BET,1
71,B8d3ee28449,ARM_HOLD,1
71,Bd474991526,ARM_HOLD,1
71,B52489e85b6,ARM_BET,1
71,Bd0d11db41b,ARM_HOLD,1
71,B96495174bf,ARM_BET,1
71,B311db3c7d2,ARM_BET,1
71,B06fc381f56,ARM_BET,1
71,Bc516a4c6e6,ARM_BET,1
71,Bb4c64cc5ed,ARM_BET,1
71,B9af5e0b877,ARM_HOLD,1
71,Bf189b0ae9d,ARM_HOLD,1
71,Bd9dd6b52b3,ARM_HOLD,1
71,B55176e68bb,ARM_HOLD,1
71,B73ccdb8e1f,ARM_HOLD,1
71,B3a3d4f28e2,ARM_HOLD,1
71,B29b90e5aed,ARM_BET,1
71,B572391a8a8,ARM_BET,1
71,Bedcc22e6e9,ARM_BET,1
71,B0b5d65c136,ARM_BET,1
71,B0b909b2c80,ARM_HOLD,1
71,B3e00929900,ARM_HOLD,1
71,B99720eff3b,ARM_BET,1
71,B565f4206e5,ARM_BET,1
71,Bec30633dbe,ARM_BET,1
71,B0b218f7fd3,ARM_HOLD,1
71,Bab7482ff5d,ARM_BET,1
71,B2c75a48a76,ARM_BET,1
71,Bd7cdafe3a9,ARM_BET,1
71,Bbc0669ee0d,ARM_BET,1
71,B141dd5327b,ARM_BET,1
71,Baab421a733,ARM_BET,1
71,Bded4eec45b,ARM_HOLD,1
71,B4d4e194b37,ARM_HOLD,1
71,Bd0277bbe77,ARM_HOLD,1
71,B0c2b86a490,ARM_BET,1
71,B66e8507832,ARM_HOLD,1
71,Bdd73d31002,ARM_BET,1
71,B4a55bcc08b,ARM_BET,1
71,B531ded5737,ARM_HOLD,1
71,B76a6c59243,ARM_HOLD,1
71,B628012c645,ARM_BET,1
71,B58cc16f141,ARM_HOLD,1
71,Bacc1f78c47,ARM_HOLD,1
71,Bb6c90ddd83,ARM_BET,1
71,B64d5bdd54b,ARM_BET,1
71,B9a9f87a371,ARM_BET,1
71,Bfb80f907bd,ARM_HOLD,1
71,B59ae485778,ARM_BET,1
71,B8e4e5a0a32,ARM_BET,1
71,B0cc1003a49,ARM_BET,1
71,B8fd39afcf1,ARM_HOLD,1
71,Bfa063de881,ARM_HOLD,1
71,B5e75632333,ARM_BET,1
71,B4e27f30b2c,ARM_BET,1
71,B550d1c3e88,ARM_BET,1
71,B8d2ae41ec3,ARM_BET,1
71,B1db8735f32,ARM_BET,1
71,B6e8cead880,ARM_HOLD,1
71,Bfa168fedfe,ARM_HOLD,1
71,Bd397a92161,ARM_BET,1
71,B6a77810508,ARM_BET,1
71,B79a8b4e42f,ARM_BET,1
71,B478651f828,ARM_HOLD,1
71,B18686f11fd,ARM_BET,1
71,B71b7280413,ARM_HOLD,1
71,B896efdd0a6,ARM_HOLD,1
71,B6c6a4347ea,ARM_BET,1
71,B2904f7f73c,ARM_BET,1
71,Bf08ccec911,ARM_BET,1
71,B9099d49ae7,ARM_BET,1
71,B824463cc11,ARM_BET,1
71,B26f7d1d606,ARM_HOLD,1
71,B37edd6eb30,ARM_HOLD,1
71,Bbc396a82eb,ARM_BET,1
71,B3e4bfad875,ARM_BET,1
71,B97463a695c,ARM_HOLD,1
71,Bccec6caf2f,ARM_HOLD,1
71,B9c5d377438,ARM_BET,1
71,Bdd358b1e1a,ARM_BET,1
71,Bb2e73ffad4,ARM_BET,1
71,B250a864303,ARM_HOLD,1
71,B0b8445e9a5,ARM_BET,1
71,Ba2c80bf1ae,ARM_BET,1
71,B7b8e42ca5f,ARM_HOLD,1
71,B5e4ada2745,ARM_BET,1
71,B018a6339fa,ARM_HOLD,1
71,B1bdf669c7e,ARM_HOLD,1
71,Bf2c7a76539,ARM_HOLD,1
71,B92ba63799a,ARM_HOLD,1
71,B5aa532125c,ARM_HOLD,1
71,B4a0a62bbe4,ARM_BET,1
71,Bdffb0c561f,ARM_HOLD,1
71,Ba9dde3c4e0,ARM_BET,1
71,B5ce46e1607,ARM_BET,1
71,Bf39cfb3642,ARM_HOLD,1
71,Bbd1f673367,ARM_HOLD,1
71,Ba0113780b6,ARM_HOLD,1
71,B6d5f575512,ARM_HOLD,1
71,B2541774204,ARM_HOLD,1
71,B70ed7dcae9,ARM_BET,1
71,Baa0559f658,ARM_BET,1
71,B3e51fbfe53,ARM_BET,1
71,B2aada3e1ef,ARM_BET,1
71,Bc56590626a,ARM_BET,1
71,B40bf11bf43,ARM_HOLD,1
71,Ba51d9ab7d5,ARM_BET,1
71,B9a85a84e0c,ARM_HOLD,1
71,B22fbf4b730,ARM_BET,1
71,B1cafffa8be,ARM_BET,1
71,B8cd2f53ec9,ARM_BET,1
71,Bbce07e7583,ARM_BET,1
71,B9529697141,ARM_BET,1
71,B169e990ac1,ARM_HOLD,1
71,B604ae5c565,ARM_BET,1
71,Bfc7963117c,ARM_BET,1
71,B17317861e0,ARM_BET,1
71,B0af56e81bb,ARM_HOLD,1
71,B19c8c3114e,ARM_BET,1
71,Bf8f77140e8,ARM_BET,1
71,B0178862d90,ARM_HOLD,1
71,B7bc6d18a28,ARM_BET,1
71,Bd8aa6a5b68,ARM_BET,1
71,Bdeaf0b0d78,ARM_HOLD,1
71,Ba801578497,ARM_HOLD,1
71,B03013a726b,ARM_HOLD,1
71,B1c3f5e5b15,ARM_HOLD,1
71,B002b7a6919,ARM_BET,1
71,Be5915faa3f,ARM_BET,1
71,B26c05a67b2,ARM_BET,1
71,Bdd2422cfc4,ARM_HOLD,1
71,Bcf0ae9e71b,ARM_HOLD,1
71,Bdf8b31ad69,ARM_HOLD,1
71,B9a404c4ae6,ARM_HOLD,1
71,B6021a3778d,ARM_BET,1
71,Bd8ee804988,ARM_HOLD,1
71,Ba848e2e228,ARM_BET,1
71,Bd5c372351b,ARM_HOLD,1
71,B45137fbc77,ARM_BET,1
71,B0eec2ec368,ARM_HOLD,1
71,B6c624811bd,ARM_HOLD,1
71,B7545f243ae,ARM_BET,1
71,Ba1cfcf8e3d,ARM_HOLD,1
71,Bf89f2424bf,ARM_BET,1
71,B6784c223ff,ARM_BET,1
71,B0877344183,ARM_BET,1
71,Ba886c67efd,ARM_BET,1
71,B0767b8166e,ARM_BET,1
71,B772a4afd0a,ARM_BET,1
