day,bet_token,stored_arm,match_raw_fields,match_raw_fields_blank,match_canonical,match_canonical_epoch
36,B7fa433b2a8,ARM_BET,1,1,1,1
36,B1432f30516,ARM_BET,1,1,0,0
36,B84110a4767,ARM_BET,1,0,1,0
36,B47d294d8f2,ARM_HOLD,1,1,0,0
36,B50fca00068,ARM_BET,1,1,0,0
36,B6e6a789b15,ARM_HOLD,0,0,1,0
36,Bd652bc8daf,ARM_HOLD,1,0,0,1
36,B92b8d990ff,ARM_BET,1,1,0,0
36,B795cdd6041,ARM_HOLD,0,0,1,1
37,B43eb2b58cf,ARM_HOLD,1,1,1,0
37,B8cd0fbd231,ARM_HOLD,1,0,0,1
37,B2798537f7a,ARM_HOLD,0,0,1,1
37,B2559e812c0,ARM_BET,0,0,1,1
37,Bc1692085bd,ARM_BET,1,1,0,1
37,B2e5c3310c5,ARM_HOLD,1,0,0,1
37,B2d547222d6,ARM_HOLD,0,1,1,1
37,B149464158d,ARM_BET,0,1,1,1
37,Be33ff5d794,ARM_BET,1,1,1,0
37,B5173f61d2a,ARM_BET,0,1,1,0
37,B24d6c6b4a8,ARM_BET,0,1,1,0
37,Bd98b19aa2a,ARM_HOLD,0,0,1,0
37,B9ba0b6205d,ARM_HOLD,0,1,1,0
37,Bfc3a2c93d5,ARM_HOLD,0,0,0,1
37,B18d48453a2,ARM_HOLD,0,1,0,0
37,B916f3d3a55,ARM_BET,1,0,0,1
37,B15dd6a702e,ARM_HOLD,1,1,1,1
37,B91c98abfe5,ARM_BET,1,1,0,0
37,B1fae77f795,ARM_BET,0,1,0,0
37,B8a5d228e46,ARM_BET,1,1,0,1
37,B60114b3540,ARM_BET,0,0,0,1
37,B1377f3ea88,ARM_HOLD,0,1,0,0
37,B0dc90db318,ARM_BET,0,1,0,0
37,Bc9fed4bfc3,ARM_BET,0,0,1,1
37,B73ad8d355c,ARM_HOLD,0,0,0,1
37,Be2eefc5c34,ARM_HOLD,1,0,0,1
37,B71d8e757cb,ARM_BET,0,1,0,0
37,Bd5a67dcc4d,ARM_BET,0,1,1,0
37,Be391ef0a17,ARM_HOLD,0,1,1,1
37,Bf98f89125a,ARM_HOLD,1,1,1,0
37,B4db512aa86,ARM_BET,0,0,0,1
37,Ba41c4a7080,ARM_BET,0,1,0,0
37,Ba62bf21795,ARM_BET,1,1,0,0
37,B31765ee132,ARM_HOLD,1,1,0,0
37,B211c0b2d54,ARM_BET,0,1,1,0
37,B0256945a6a,ARM_HOLD,0,1,0,1
37,B8fbd124358,ARM_HOLD,0,1,0,0
37,B415c60d03a,ARM_HOLD,0,0,0,1
37,Bd536771c24,ARM_HOLD,1,0,0,1
37,B2e9906d6a6,ARM_BET,0,1,0,1
37,B35375d290c,ARM_BET,0,1,0,1
37,B5cf9594c0c,ARM_BET,1,1,0,1
37,B10dc2537b6,ARM_BET,0,1,1,0
37,B2ece8d07f6,ARM_BET,0,0,1,1
37,B7e67c977db,ARM_BET,0,0,1,0
37,B07a1cf0108,ARM_BET,1,1,1,1
37,Bb77475710e,ARM_BET,1,0,1,0
37,Bfd1b058901,ARM_HOLD,0,1,1,1
37,B75d46da6e1,ARM_HOLD,0,0,1,1
37,B333f4b10a0,ARM_BET,1,1,0,1
37,Bddd7fe953c,ARM_BET,1,0,1,1
37,B6c9ff6fd88,ARM_HOLD,0,1,1,1
37,Bfb9510275d,ARM_HOLD,0,0,0,0
37,B73ba283c41,ARM_HOLD,0,0,0,0
37,Bc260474085,ARM_HOLD,1,0,1,1
37,B3b273d44e7,ARM_HOLD,0,1,1,0
37,Ba8ccd7582c,ARM_HOLD,1,0,1,1
37,Baa75f9389d,ARM_HOLD,0,0,1,1
37,Bee49cbb495,ARM_BET,0,1,0,0
37,Bb24cbe4175,ARM_HOLD,1,0,0,0
37,Bdd56d2816a,ARM_HOLD,0,0,1,0
37,Bd79147894a,ARM_HOLD,1,1,0,1
37,B7d18f74241,ARM_BET,1,1,0,1
37,B98e7ed70e0,ARM_BET,0,0,1,1
37,B4a7a4cfd6c,ARM_HOLD,0,1,1,0
37,B1d4bbc4656,ARM_HOLD,1,1,0,0
37,B484c89866c,ARM_HOLD,0,0,1,0
37,B3a3d718a69,ARM_HOLD,1,0,1,0
37,Babb06538f0,ARM_HOLD,1,0,0,1
37,B01211731d2,ARM_HOLD,1,0,0,0
37,B1d2e7a2a18,ARM_BET,1,1,0,1
37,B43d040e273,ARM_BET,1,0,1,1
37,Bdcf878b619,ARM_BET,0,0,1,0
37,B5f9d886358,ARM_HOLD,1,0,1,0
37,B31c83628c2,ARM_BET,0,0,0,0
37,B0f0fe1729a,ARM_BET,0,0,0,0
37,B1af49da9c9,ARM_HOLD,0,0,1,1
37,Bcc1ccd7db0,ARM_BET,1,0,0,1
37,B8bce953e67,ARM_BET,1,1,0,0
37,B61dc6d14db,ARM_BET,1,0,0,1
37,B0b3b712eb7,ARM_HOLD,1,1,1,0
37,B325ed891e2,ARM_BET,0,0,1,1
37,B4a758a50d7,ARM_HOLD,0,1,0,0
37,B70c67a7129,ARM_BET,1,1,1,0
37,B12bb2c30e6,ARM_BET,0,0,1,0
37,Be3d9ca519c,ARM_BET,1,1,0,1
37,B82f585a178,ARM_BET,0,1,1,1
37,B842a3f072d,ARM_BET,0,0,0,1
37,B9f3a08cc16,ARM_HOLD,1,0,0,1
37,B6cee814142,ARM_BET,1,0,0,0
37,Be3757e0e5c,ARM_BET,0,1,1,0
37,Bc0035a4c67,ARM_HOLD,0,0,0,1
37,Ba5974594b2,ARM_BET,1,1,0,0
37,B9a60be5d6d,ARM_HOLD,0,0,0,0
37,B444be4104a,ARM_HOLD,1,1,1,1
37,B43d28a7bc5,ARM_BET,0,0,1,1
37,Ba449a0bee5,ARM_HOLD,1,1,0,0
37,B1b0b66b50c,ARM_HOLD,0,1,0,1
37,Be07a9dfc0b,ARM_BET,0,0,1,1
37,B8049a3fda2,ARM_BET,1,1,0,0
37,B9f8e3c5007,ARM_HOLD,1,0,1,0
37,B896cc42be0,ARM_BET,0,1,1,1
37,B9577ec788d,ARM_BET,0,0,0,1
37,Bb45abe3a60,ARM_HOLD,0,0,0,1
37,B36e5167487,ARM_BET,0,0,0,0
37,Bf0cafd831c,ARM_HOLD,1,1,0,1
37,B80e50a4863,ARM_BET,1,0,0,1
37,Bdb56a611b3,ARM_BET,1,0,0,0
37,Bc3d93d6bc1,ARM_HOLD,0,0,1,0
38,Ba84b1fbd54,ARM_HOLD,0,0,1,0
38,B791eeff0cb,ARM_HOLD,1,0,0,0
38,B9f3907d4ab,ARM_BET,1,0,0,0
38,B09e2313219,ARM_BET,0,0,0,1
38,Bd1e8a6a083,ARM_BET,0,0,0,1
38,Bf34debe925,ARM_HOLD,1,1,1,0
38,B32107af854,ARM_HOLD,1,1,0,1
38,Be766910538,ARM_BET,1,1,0,0
38,B84082fb4c3,ARM_BET,1,1,1,0
38,Bff534f65c8,ARM_BET,0,1,1,0
38,B7f06a85fbd,ARM_HOLD,0,1,0,0
38,Bfc90fc4fd1,ARM_BET,0,0,0,1
38,B116e3a06e1,ARM_HOLD,1,0,0,0
38,Bd8cf04ebf0,ARM_BET,1,1,1,1
38,Bd02192246c,ARM_BET,1,1,0,0
38,B664e9ebaca,ARM_HOLD,0,1,1,1
38,B9729a33759,ARM_BET,1,0,0,0
38,B9396d5fbb2,ARM_HOLD,0,1,0,1
38,B6a27796cf7,ARM_HOLD,0,1,0,1
38,B3858bef61b,ARM_BET,0,0,1,0
38,B91ea3d1a81,ARM_BET,0,1,1,0
38,B206bede309,ARM_HOLD,1,0,1,1
38,B5279d79195,ARM_BET,0,1,1,1
38,B8ddc7a6b6b,ARM_HOLD,1,1,0,0
38,B64271fdafe,ARM_HOLD,1,1,0,0
38,B3d02e51e80,ARM_BET,0,0,1,1
38,B6945c4ce24,ARM_HOLD,1,1,1,0
38,Ba6197318ef,ARM_HOLD,1,0,1,0
38,B9cb4306a75,ARM_HOLD,1,0,1,0
38,B159aea2a36,ARM_BET,0,1,1,1
38,B5d4fe2a43e,ARM_HOLD,1,1,0,1
38,B7c5ecad21a,ARM_HOLD,0,0,1,0
38,B60006f9227,ARM_HOLD,0,1,0,0
38,B9453361b9f,ARM_HOLD,0,0,0,0
38,Bf9b07fb770,ARM_HOLD,0,1,0,1
38,Ba50e68de5a,ARM_HOLD,0,0,0,1
38,B3f93c4ad55,ARM_BET,1,0,0,1
38,B3485644643,ARM_HOLD,0,1,1,0
38,B8709306bd4,ARM_HOLD,0,1,0,0
38,B14de2ee2ca,ARM_HOLD,0,1,1,0
38,B56161564a9,ARM_BET,1,1,1,0
38,Bf733d446d6,ARM_BET,1,0,1,0
38,B8ea8fc8884,ARM_BET,1,1,1,1
38,Bcc527a0179,ARM_HOLD,1,1,0,0
38,Bade8ae60ae,ARM_HOLD,1,1,1,1
38,Befccc38ffa,ARM_HOLD,1,1,0,0
38,B40db8b0cac,ARM_BET,0,1,1,1
38,B7e94b77012,ARM_HOLD,0,0,0,1
38,B9051fb997f,ARM_BET,1,1,1,0
38,B22d90e313d,ARM_HOLD,0,0,1,1
38,B485f218022,ARM_HOLD,0,1,0,1
38,B5ee8765a4c,ARM_BET,0,0,1,1
38,B50ffc19a03,ARM_HOLD,1,0,1,0
38,B83bae93d48,ARM_HOLD,1,1,1,0
38,Ba201ff1b73,ARM_BET,0,0,1,0
38,B4d55be98d3,ARM_BET,1,1,0,0
38,B28b554ef9d,ARM_BET,0,1,1,1
38,B0e2abcc571,ARM_HOLD,0,1,1,0
38,B35723c9a5f,ARM_BET,1,1,1,0
38,B6c7be50a32,ARM_BET,0,0,0,1
38,B962ddca976,ARM_BET,1,0,1,1
38,Bb58f53099b,ARM_BET,1,1,0,0
38,Bee902a5d6c,ARM_BET,1,1,1,1
38,B98644ad843,ARM_BET,1,1,0,1
38,B4bbf66de04,ARM_HOLD,0,1,1,1
38,Bfb6dd73821,ARM_BET,0,0,0,0
38,B6c6bd0d121,ARM_HOLD,1,0,0,0
38,B5f1f44456c,ARM_HOLD,0,1,0,1
38,B778cfe8a58,ARM_HOLD,0,0,0,1
38,B180994100f,ARM_HOLD,1,0,1,1
38,B3be26fe20d,ARM_BET,1,0,0,1
38,Bb6b8705173,ARM_BET,0,1,0,1
38,B2f312e7740,ARM_BET,1,0,1,0
38,Bdae4c24de0,ARM_BET,0,0,0,0
38,Bee50e28c65,ARM_BET,0,1,1,1
38,Bad4243c39f,ARM_BET,0,0,0,1
38,B8373222785,ARM_BET,1,0,1,0
38,Bd0e68a0ab9,ARM_HOLD,1,0,0,1
38,Bc58fd7c3a0,ARM_BET,1,1,0,0
38,Bf4197c879b,ARM_BET,0,0,0,1
38,Bb8a9cbf8aa,ARM_BET,1,0,1,0
38,B8e04308530,ARM_BET,1,0,0,1
38,B434ebb66e7,ARM_HOLD,0,1,0,0
38,B46b4726f28,ARM_HOLD,0,1,0,0
38,B6e69587d32,ARM_HOLD,1,1,0,0
38,B1957154338,ARM_HOLD,1,1,1,0
38,B9f15cf7254,ARM_BET,1,0,0,0
38,B835b9fe490,ARM_HOLD,0,1,0,1
38,Be046012c5b,ARM_HOLD,0,1,1,0
38,Bc71d53dde1,ARM_BET,0,0,1,0
38,B01876fe785,ARM_HOLD,1,0,0,0
38,B1af7595dae,ARM_HOLD,1,0,0,0
38,Bc91a4727e7,ARM_HOLD,1,1,1,0
38,Be9d502b7fd,ARM_HOLD,1,1,0,1
38,Bb255bea15b,ARM_HOLD,0,0,0,0
38,Ba227cebde8,ARM_HOLD,0,0,1,0
38,B17af6f3414,ARM_HOLD,0,0,0,1
38,B78fe3a2fa4,ARM_HOLD,0,0,0,1
38,Ba1e5459d58,ARM_BET,1,1,0,0
38,Bea76977d8f,ARM_BET,1,1,0,0
38,B0374f39215,ARM_HOLD,1,1,0,0
38,B41eb38f81a,ARM_HOLD,0,1,0,1
38,B9017833e8f,ARM_HOLD,1,0,0,0
38,Bc6926dd479,ARM_HOLD,0,1,1,1
38,B93df6247c7,ARM_BET,1,1,0,1
38,B9910a4ba02,ARM_BET,1,0,1,1
38,Bb1e4d5a0f8,ARM_HOLD,0,0,0,1
38,Bcb87dd71ea,ARM_HOLD,1,1,1,0
38,B375c2e84ca,ARM_HOLD,0,0,0,1
38,Bfd2deab151,ARM_HOLD,0,1,1,1
38,B1743f7a03c,ARM_HOLD,0,0,0,0
38,B6f9f4ad3ec,ARM_BET,1,0,1,0
38,B871396af7f,ARM_HOLD,1,1,0,0
38,B1d9c29e58b,ARM_BET,1,0,1,0
38,B37f48bd6fd,ARM_BET,1,1,0,1
38,B6b9762e360,ARM_HOLD,0,1,1,1
38,B42724341fe,ARM_BET,0,0,0,0
38,B3d57df4cb8,ARM_HOLD,0,0,1,1
38,B35b80a06e6,ARM_HOLD,0,0,0,0
38,B15b547247e,ARM_HOLD,0,0,1,0
38,B541ad8aae6,ARM_BET,0,0,1,0
38,B0bd9da20f8,ARM_HOLD,0,0,1,1
38,Bbd8f868ba6,ARM_HOLD,0,0,0,1
38,Babdb1bc723,ARM_BET,0,0,0,1
38,B2a10c3e68b,ARM_BET,0,0,0,0
39,B4a8fb1a2bb,ARM_HOLD,0,1,1,0
39,Bc649dd3356,ARM_BET,1,0,0,0
39,Bd6f1a9a8da,ARM_HOLD,0,0,1,0
39,B2376afa1dd,ARM_HOLD,1,1,0,1
39,B721691f924,ARM_HOLD,0,0,1,1
39,Bc6e5f8f889,ARM_BET,0,0,1,1
39,Bfdb06076c3,ARM_BET,0,1,1,1
39,B429b8e8438,ARM_BET,1,1,0,0
39,B22c9431fb6,ARM_BET,1,0,1,0
39,B14e6ff41fd,ARM_BET,0,1,0,1
39,B7307343279,ARM_HOLD,1,1,0,1
39,Bfff4cc92d2,ARM_BET,0,0,0,0
39,Bd26347b2e9,ARM_HOLD,0,1,0,1
39,B0c2e3648a6,ARM_BET,0,1,1,0
39,B83cd793c5d,ARM_HOLD,1,1,1,1
39,B3e56d939dd,ARM_BET,0,1,1,0
39,Bd0c110c138,ARM_BET,0,1,0,1
39,B33e7e1269d,ARM_BET,1,0,0,1
39,B9dd6c6f882,ARM_BET,1,1,0,1
39,B6b5724e2eb,ARM_BET,1,0,1,1
39,B5c800493e6,ARM_BET,1,0,0,0
39,Be631d9d0fa,ARM_BET,1,0,0,0
39,Ba424237a66,ARM_BET,0,0,1,0
39,B92d509b8a8,ARM_BET,0,0,0,0
39,Bbdf2bc90a7,ARM_BET,1,1,1,1
39,Beff0c07415,ARM_BET,0,1,1,1
39,B666d420490,ARM_HOLD,1,0,0,0
39,Be8e709ea45,ARM_HOLD,0,0,1,1
39,B311bc18d92,ARM_BET,1,1,0,1
39,B4803eedd49,ARM_BET,1,0,1,1
39,Bbabd6247eb,ARM_BET,0,0,0,0
39,Bf2d7748f46,ARM_HOLD,0,1,0,0
39,B930351369e,ARM_BET,0,0,1,1
39,B07527d826f,ARM_HOLD,0,0,0,1
39,B5db22da9e9,ARM_HOLD,1,0,1,1
39,Bd862341c37,ARM_HOLD,1,0,1,1
39,Be33dc46220,ARM_BET,0,1,0,1
39,B51734a756c,ARM_BET,0,0,0,1
39,Bf6d574bb4d,ARM_HOLD,0,0,0,0
39,B99739d6753,ARM_HOLD,0,0,1,0
39,Bbb84063b2d,ARM_BET,1,1,0,0
39,Bab46c42cf3,ARM_BET,0,1,1,1
39,Bcc10fb4eb0,ARM_HOLD,1,1,0,1
39,Be5b73e24c8,ARM_BET,0,1,0,1
39,B7b3c4c2913,ARM_BET,0,1,1,0
39,B7a7b682124,ARM_BET,0,1,0,0
39,Be656d08758,ARM_BET,1,0,0,1
39,Baf19db0c35,ARM_HOLD,1,0,0,0
39,Bebe7d26ca8,ARM_HOLD,0,0,0,0
39,Bb27cd201bb,ARM_HOLD,1,1,1,0
39,Bb4bcd29241,ARM_HOLD,0,0,0,0
39,B496f3cf303,ARM_BET,1,0,0,1
39,B57155ec2c4,ARM_BET,1,0,0,0
39,B699d401f30,ARM_BET,0,1,1,1
39,B0df414e608,ARM_BET,0,1,1,1
39,B40e15fa13b,ARM_BET,1,1,1,0
39,B66b6b18f37,ARM_HOLD,1,1,0,0
39,B06fa13e7a5,ARM_HOLD,0,1,0,0
39,B032dab983c,ARM_BET,0,0,1,0
39,B03da631e85,ARM_BET,1,1,0,0
39,B2ee53fbf02,ARM_HOLD,1,0,1,1
39,B2979bd40dd,ARM_BET,1,0,1,1
39,B2544c6a992,ARM_HOLD,1,1,0,1
39,B5b5481e4ff,ARM_HOLD,1,0,1,0
39,Bcd8623d6ac,ARM_BET,0,1,1,1
39,Bf60005609b,ARM_HOLD,1,1,0,1
39,Bb05fb77136,ARM_BET,1,0,0,1
39,Bfd28096feb,ARM_HOLD,1,0,1,0
39,B87e2f4c3f0,ARM_HOLD,0,1,1,0
39,B1af69ebb1c,ARM_HOLD,0,1,0,1
39,B3b619b7455,ARM_HOLD,1,0,1,1
39,B8b1c928da2,ARM_BET,1,0,0,1
39,B507881ce98,ARM_HOLD,0,0,0,0
39,Bb9657b9755,ARM_HOLD,0,0,0,0
39,B28ecfbcb81,ARM_BET,0,1,1,1
39,Be429ecec01,ARM_BET,0,1,0,0
39,B6b0af06dcf,ARM_BET,0,1,1,1
39,B31bc7bbdee,ARM_HOLD,1,1,0,0
39,B8096f43784,ARM_HOLD,0,0,1,0
39,Be7252f14b1,ARM_HOLD,0,0,1,1
39,B5396b1db03,ARM_HOLD,0,0,0,0
39,B46330d0a5d,ARM_HOLD,1,0,1,0
39,Bd9391f49b4,ARM_BET,1,1,1,1
39,B32c978da87,ARM_BET,0,1,1,1
39,B7c2396220a,ARM_HOLD,1,1,0,1
39,Bdd380f2ba8,ARM_BET,1,0,0,1
39,Bd4de16f204,ARM_BET,0,0,1,0
39,B6f0599e80c,ARM_BET,0,0,1,1
39,B40f77e52a7,ARM_HOLD,0,1,0,1
39,Bb01614d8ef,ARM_BET,1,1,1,0
39,Bd4625b0fc3,ARM_HOLD,0,1,1,1
39,Bbd5842415c,ARM_BET,1,0,1,0
39,Bc87048f2f9,ARM_HOLD,1,1,0,1
39,B4426925878,ARM_BET,1,1,0,1
39,Bad1712d26a,ARM_HOLD,0,0,0,0
39,B683c282c48,ARM_HOLD,1,0,1,1
39,B4f4b1b5428,ARM_BET,1,1,0,0
39,B61f5ca8094,ARM_BET,1,1,0,0
39,Bee9a4c3074,ARM_HOLD,0,0,0,0
39,Ba2fb0c6cfb,ARM_BET,0,1,0,1
39,Bbc8e4f3c8c,ARM_HOLD,0,0,0,1
39,B3a92045d8e,ARM_HOLD,0,1,0,1
39,B11df325d79,ARM_HOLD,1,0,1,0
39,B0c4619a6fd,ARM_BET,1,0,0,1
39,B013c993d6a,ARM_BET,0,1,0,0
39,Bc6da12f498,ARM_HOLD,1,0,1,1
39,B97e206e172,ARM_BET,1,0,0,0
39,B014b179057,ARM_HOLD,1,0,1,0
39,B04aba5ff97,ARM_BET,0,1,0,1
39,Ba3ef0e760e,ARM_HOLD,1,0,0,0
39,B498932c891,ARM_BET,1,0,0,1
39,B920b7620be,ARM_BET,1,0,1,1
39,Bcd92d6ddb0,ARM_BET,0,0,0,0
39,B2fc681f005,ARM_HOLD,0,0,0,1
39,B856fe89d9d,ARM_HOLD,0,1,0,0
39,B03c15ff1e5,ARM_BET,1,0,0,0
39,Bf112d577eb,ARM_HOLD,1,0,1,0
39,Bb200a9d809,ARM_HOLD,1,1,1,1
39,B2e36aeced9,ARM_HOLD,0,0,0,0
39,Be497696b46,ARM_HOLD,0,1,1,0
39,B5aeb36150b,ARM_HOLD,1,0,1,0
39,B2e19653932,ARM_BET,1,1,1,1
39,B3313d707dc,ARM_HOLD,1,1,1,1
39,Be5b797705d,ARM_BET,0,0,1,1
39,Bfd10b0c6f1,ARM_BET,0,1,0,0
39,Bdf6c14d7f0,ARM_BET,1,1,1,1
39,B01a999c6b1,ARM_HOLD,1,1,0,0
39,B6e6ff3cd5a,ARM_BET,0,1,1,1
39,B1c9e8274ef,ARM_BET,0,0,1,1
39,B906929b2f1,ARM_BET,1,1,0,1
39,Bc9af351c8d,ARM_BET,0,0,0,0
39,Bc96c316a63,ARM_BET,0,1,0,0
39,B09abc215db,ARM_BET,1,1,1,1
39,B074e283a4d,ARM_BET,0,0,1,0
39,B4f61fc4e32,ARM_HOLD,0,0,0,1
39,B1e2bc87791,ARM_BET,0,0,1,1
39,B9e36ebeb54,ARM_HOLD,1,1,0,1
39,Bf320a6fc4a,ARM_HOLD,1,1,1,0
39,B698d7a7e76,ARM_HOLD,1,0,0,1
39,B10043b20ef,ARM_BET,0,1,1,0
39,Ba54a30a0c9,ARM_BET,1,1,1,1
39,B877f7aa53a,ARM_HOLD,0,0,1,1
39,Bcd5b2b2840,ARM_BET,1,0,0,0
39,Bd2a0668602,ARM_BET,0,1,0,0
39,B7124e43229,ARM_HOLD,1,1,1,1
39,B6bffc59979,ARM_BET,1,0,1,0
39,Ba339c8f5d9,ARM_BET,1,1,0,0
39,B319309f5c4,ARM_HOLD,1,1,0,1
39,Ba0553cd05f,ARM_HOLD,1,0,0,0
39,B7abc4b6c86,ARM_HOLD,0,0,1,1
39,B2f360c01f8,ARM_BET,1,0,1,1
40,Ba320fa8904,ARM_HOLD,1,1,1,0
40,B4f04f37e5f,ARM_BET,0,1,0,1
40,B806995931e,ARM_HOLD,0,1,1,0
40,B41a9a0445a,ARM_BET,0,1,1,0
40,B39815bca54,ARM_HOLD,1,1,1,0
40,Bd9a556cf8c,ARM_HOLD,0,1,1,0
40,B6f85488916,ARM_BET,0,0,1,1
40,B1abf0ecc0d,ARM_BET,1,0,0,1
40,Ba108e373af,ARM_HOLD,0,1,0,1
40,B864708b490,ARM_HOLD,1,1,0,1
40,Bcefb089898,ARM_BET,0,1,1,0
40,B12be3fe22a,ARM_HOLD,0,1,1,0
40,B6978a254c6,ARM_HOLD,1,1,0,0
40,B18d221d0df,ARM_BET,0,1,1,0
40,B46055b4e92,ARM_BET,1,1,0,1
40,Bd2aea86bc0,ARM_BET,1,0,0,0
40,B7350eb9c61,ARM_HOLD,1,1,0,1
40,Bee12eee8d2,ARM_BET,1,1,0,1
40,Bc52cbb6dda,ARM_BET,0,0,0,0
40,Bf75c601f43,ARM_BET,1,1,0,1
40,B79c7bd338d,ARM_BET,0,1,0,1
40,B266d6f3754,ARM_BET,0,1,0,1
40,B09fcf16170,ARM_HOLD,0,1,0,0
40,B1c5b994796,ARM_HOLD,1,1,0,1
40,Bba56fedff3,ARM_HOLD,0,1,0,0
40,B0a527ca33f,ARM_HOLD,1,1,0,1
40,Bc4cd4cefe5,ARM_HOLD,0,1,1,0
40,B0d65e457bf,ARM_HOLD,1,0,1,0
40,B7a65e47c23,ARM_HOLD,1,0,1,0
40,B700a6460e9,ARM_BET,1,0,1,0
40,B0a9b7c44c6,ARM_BET,0,1,0,1
40,B811eed735a,ARM_BET,0,1,0,1
40,B00094daf7e,ARM_HOLD,1,0,0,1
40,B7fd5adc47c,ARM_HOLD,1,0,0,0
40,Bbf7541fc47,ARM_HOLD,0,0,0,1
40,B7475460ff1,ARM_BET,0,0,0,1
40,B1ecc8a92b5,ARM_HOLD,1,0,1,0
40,B5b8447c6fc,ARM_HOLD,1,1,0,1
40,Bfa7527d2f6,ARM_BET,1,0,1,1
40,Ba3eff3ef3f,ARM_HOLD,1,0,0,0
40,B28e349facb,ARM_HOLD,0,1,1,0
40,B2e7de0e576,ARM_BET,1,1,0,1
40,Ba6b587af1a,ARM_BET,1,1,1,1
40,Bfb2ae31988,ARM_HOLD,0,0,1,1
40,B47cba1c2e6,ARM_HOLD,1,1,0,1
40,B1c21c457c5,ARM_HOLD,0,0,0,0
40,Be6fb05af03,ARM_HOLD,0,0,1,0
40,B1e427830c2,ARM_HOLD,1,1,1,1
40,B0435336343,ARM_BET,1,0,1,1
40,Bb7d12f6c0d,ARM_HOLD,0,0,0,0
40,Bf5d0de1760,ARM_BET,1,1,0,1
40,B1e9ec74bc6,ARM_BET,1,1,1,1
40,Bf8b8e096ba,ARM_HOLD,0,1,0,1
40,B9c2d7fec3c,ARM_BET,1,0,0,0
40,B9e5ce45760,ARM_HOLD,0,0,1,1
40,Ba4d5d5c1ca,ARM_BET,1,1,0,1
40,B77e00f3a05,ARM_HOLD,1,0,0,0
40,Bc535352746,ARM_BET,0,0,0,0
40,B2916e25599,ARM_BET,1,1,0,0
40,Bbe01c536d7,ARM_BET,0,0,0,1
40,B2f1c677b8a,ARM_BET,1,1,1,0
40,Bbc899d32e2,ARM_HOLD,1,1,0,0
40,B38fee44bb7,ARM_BET,0,0,1,0
40,Bafc9d6eb73,ARM_BET,0,0,0,1
40,Be5db707892,ARM_BET,0,1,1,0
40,B1af2ec43ea,ARM_BET,1,0,0,0
40,B5eb637c234,ARM_BET,0,1,0,1
40,B79c68ff719,ARM_BET,0,1,0,0
40,B06a2788a7c,ARM_BET,0,0,1,0
40,B7cf10f7110,ARM_BET,1,1,1,1
40,Bd2fdfdb495,ARM_HOLD,0,0,1,0
40,Ba151e9209b,ARM_HOLD,0,0,0,0
40,B1c97a7e10e,ARM_HOLD,0,1,1,1
40,B09ff950595,ARM_HOLD,0,1,0,1
40,B9f61985a57,ARM_BET,1,0,1,1
40,B66539bb451,ARM_BET,1,0,1,0
40,Ba29145ea70,ARM_BET,0,1,0,1
40,B7b20233351,ARM_BET,1,1,1,1
40,B8c55ba1261,ARM_HOLD,1,0,0,1
40,B6cfc59f9c5,ARM_HOLD,0,0,1,0
40,Bf31f277dd9,ARM_BET,1,0,0,1
40,B97f846f1dc,ARM_HOLD,0,1,1,1
40,B727c3bdced,ARM_HOLD,1,0,0,1
40,Bc79a235735,ARM_BET,0,0,0,1
40,B797fcfa15d,ARM_BET,0,1,0,0
40,B7e2be28733,ARM_HOLD,1,0,1,1
40,B5a56092619,ARM_BET,0,0,1,0
40,B604c1d9200,ARM_BET,1,1,1,1
40,B1d6f8bc627,ARM_BET,0,1,1,1
40,B72c88800fa,ARM_BET,0,0,1,1
40,B59ab2a0d80,ARM_HOLD,1,0,1,0
40,B85e62e4a95,ARM_HOLD,1,0,1,1
40,B1020fd1110,ARM_HOLD,0,0,0,0
40,Bb650e7500d,ARM_BET,0,0,1,0
40,B07ac1fd77d,ARM_HOLD,1,1,0,1
40,B730d14bd08,ARM_HOLD,0,0,1,1
40,Be999b3e2d0,ARM_HOLD,0,0,1,0
40,B40b747a628,ARM_BET,0,1,1,0
40,B6a04af1e38,ARM_HOLD,1,0,0,1
40,B052e1ccaa2,ARM_BET,1,1,1,1
40,B6093b78e30,ARM_HOLD,0,1,0,1
40,B5415d44693,ARM_HOLD,0,1,0,0
40,Be9bcaf891a,ARM_HOLD,1,1,1,1
40,Beda8016174,ARM_HOLD,0,1,0,0
40,B3a2f387876,ARM_HOLD,1,0,1,0
40,B9077a541b6,ARM_BET,0,0,1,0
40,B4328e0437f,ARM_BET,1,1,1,0
40,Be97a209d1c,ARM_HOLD,1,1,1,0
40,Ba77128f7d3,ARM_HOLD,1,0,0,1
40,B45aadc1c7c,ARM_BET,1,1,0,1
40,B842b1ed899,ARM_HOLD,0,1,0,0
40,B4c1bbbaf5a,ARM_BET,1,1,0,0
40,B692a47e231,ARM_BET,0,0,0,0
40,B3dab0225f5,ARM_BET,0,1,1,0
40,B05fd5b154d,ARM_BET,1,1,0,0
40,B8f23f67d75,ARM_BET,1,1,1,0
40,Bc04ccf4573,ARM_BET,1,1,1,1
41,Bea22eb7ef7,ARM_HOLD,0,1,1,1
41,Ba4c62ef393,ARM_BET,1,1,1,0
41,Bcbd073f721,ARM_HOLD,1,0,0,0
41,Bb2fa255dd8,ARM_HOLD,1,1,0,0
41,Bfc2440c714,ARM_BET,0,0,1,0
41,B991c4341b4,ARM_BET,0,0,0,0
41,Bc681b22009,ARM_HOLD,1,1,1,0
41,B9fdc13e060,ARM_HOLD,0,1,1,1
41,B6ed8bed498,ARM_HOLD,1,0,1,1
41,Bf7606ecfbd,ARM_HOLD,1,0,1,1
41,Bf6470e2220,ARM_BET,0,1,0,0
41,B8c9e6b3e4c,ARM_BET,1,0,0,0
41,B5c648fb02b,ARM_HOLD,0,0,0,1
41,B494d3af0a5,ARM_HOLD,1,1,0,0
41,B16c92bc0be,ARM_HOLD,0,1,1,0
41,B56a04ed659,ARM_BET,0,1,0,0
41,Bfac3136e17,ARM_HOLD,1,1,0,1
41,B0f4354fd55,ARM_HOLD,0,1,0,1
41,B2b8e0ac20d,ARM_BET,0,1,1,0
41,B18492b40c2,ARM_BET,0,1,1,0
41,B23d6a67980,ARM_HOLD,1,1,0,0
41,Be205519580,ARM_BET,0,1,0,0
41,B1352a3fa70,ARM_BET,0,1,1,0
41,Ba94436ea92,ARM_BET,0,0,0,1
41,B6d8dab2029,ARM_BET,0,0,0,1
41,Be27f30222c,ARM_HOLD,1,0,0,1
41,B1dbeac7475,ARM_BET,0,0,0,1
41,Bc027a36a4c,ARM_HOLD,0,1,1,1
41,Bd4611a2924,ARM_HOLD,0,0,1,1
41,B6c8ca23847,ARM_BET,1,1,0,0
41,B70ec0b95b0,ARM_BET,0,1,1,0
41,B29cbd1e8fe,ARM_HOLD,0,0,1,0
41,B167cdd3031,ARM_HOLD,1,1,0,1
41,B210a1fa4d8,ARM_BET,1,1,0,1
41,Bf0ab02aeaf,ARM_HOLD,1,1,0,1
41,B4a198b1364,ARM_BET,0,1,1,0
41,B2c8bfc21a0,ARM_BET,1,1,1,1
41,Bc3b74796eb,ARM_BET,1,1,0,1
41,B93cdc7c7a4,ARM_BET,1,1,0,0
41,B124e9e5d99,ARM_HOLD,1,0,0,0
41,B7cfd4d9fa6,ARM_HOLD,0,1,0,0
41,Bcd427449e2,ARM_BET,0,1,0,0
41,Ba4de02fccc,ARM_BET,0,0,1,0
41,Ba9b9da2e20,ARM_HOLD,0,0,1,1
41,B3bf88c3633,ARM_BET,0,0,0,0
41,B3702a83968,ARM_HOLD,0,1,1,0
41,B6f9d0b8a7d,ARM_HOLD,0,0,0,0
41,B2288fc6c81,ARM_BET,0,0,0,0
41,B435333235d,ARM_BET,1,0,0,1
41,B105ca731dd,ARM_BET,0,0,1,1
41,Bc66e3d6e44,ARM_HOLD,1,0,1,0
41,Ba332ca4e20,ARM_HOLD,1,0,1,1
41,B008ef57777,ARM_HOLD,1,0,1,1
41,B176a1ae251,ARM_HOLD,0,1,1,1
41,Bb95293d38f,ARM_HOLD,0,0,0,1
41,B5d15af745e,ARM_HOLD,1,0,0,1
41,B796c2769f5,ARM_HOLD,0,1,1,0
41,Bc0ede0a84b,ARM_HOLD,0,1,0,0
41,B7988f2f602,ARM_BET,0,1,1,1
41,Bbbcb32abe6,ARM_HOLD,0,0,0,1
41,B189fa58d5d,ARM_HOLD,1,0,0,0
41,B8d1d5056b0,ARM_HOLD,0,0,1,1
41,B0922aac619,ARM_BET,1,0,0,1
41,Be534ce4780,ARM_HOLD,1,0,0,0
41,Ba15929acfd,ARM_HOLD,1,0,1,0
41,Bc68eb80db3,ARM_HOLD,0,0,0,0
41,B1611f3e26f,ARM_BET,1,1,0,1
41,B3e8905441c,ARM_BET,0,0,1,1
41,B4654fc747e,ARM_HOLD,0,1,0,0
41,Be36665c302,ARM_HOLD,0,0,0,1
41,B3c3fa959c6,ARM_BET,0,0,0,0
41,B0955acc898,ARM_BET,0,0,0,1
41,Be54bbb3758,ARM_BET,1,1,0,0
41,Bdbdd52a3c0,ARM_HOLD,1,1,1,1
41,B37ff1494d0,ARM_BET,0,1,1,0
41,B95ee45bf3c,ARM_BET,0,0,1,1
41,B00003b41ba,ARM_HOLD,1,1,0,1
41,B3c3fa959c6,ARM_HOLD,0,1,1,1
41,B475291d949,ARM_BET,1,0,0,0
41,B3c1c90d161,ARM_BET,1,0,1,0
41,Be36665c302,ARM_BET,0,0,1,0
41,Bea95c8839c,ARM_BET,0,0,1,0
41,B1a24198f64,ARM_BET,0,1,1,0
41,B352e37081c,ARM_HOLD,1,1,1,1
41,B4ecee15690,ARM_HOLD,0,0,0,1
41,Bceee8f957d,ARM_BET,0,0,0,1
41,B6b22f4fe33,ARM_HOLD,0,0,1,0
41,B7729491049,ARM_HOLD,1,1,0,0
41,Bfa7db4acbe,ARM_BET,0,0,1,1
41,Beee87d0c34,ARM_BET,1,1,0,0
41,B2fcac1dd45,ARM_BET,1,1,1,0
41,B523151a23b,ARM_HOLD,1,0,0,0
41,B89e9d7f332,ARM_HOLD,0,1,0,0
41,B0955acc898,ARM_HOLD,0,1,1,0
41,Bac302bff91,ARM_HOLD,0,1,0,1
41,B52aaf7b8ef,ARM_HOLD,0,0,0,0
41,B3e3a80739e,ARM_HOLD,1,1,0,1
41,Be54bbb3758,ARM_HOLD,1,0,1,1
41,B1f5b0bf18b,ARM_BET,0,1,0,1
41,B34a837ed9d,ARM_BET,1,0,1,1
41,Bbc0e31344f,ARM_BET,0,1,0,0
41,Bd969a4b515,ARM_HOLD,0,0,0,1
41,Bcfd2784700,ARM_BET,0,1,1,1
41,Bb235abe924,ARM_BET,1,0,1,0
41,Bc4c76797e3,ARM_BET,1,1,0,0
41,B34b4f919f9,ARM_BET,1,0,1,0
41,B15a091af66,ARM_HOLD,0,0,0,1
41,B75c955ff9c,ARM_HOLD,1,1,0,1
41,B9fea0691de,ARM_BET,1,0,0,0
41,B8bc2ea1a2b,ARM_HOLD,1,0,0,0
41,B91d00f27ec,ARM_HOLD,0,1,1,0
41,B7fb75e41a3,ARM_BET,0,1,0,1
41,Ba4553ed428,ARM_HOLD,1,1,1,1
41,B77aa912255,ARM_HOLD,1,1,0,1
41,B818a58b95f,ARM_HOLD,1,0,0,1
41,Bd498b66ad9,ARM_HOLD,1,1,1,0
41,Ba3ff821196,ARM_BET,0,1,0,1
41,Ba9f937f4d0,ARM_HOLD,0,0,1,0
41,B0f1f627794,ARM_BET,0,0,0,1
41,B18d10dba31,ARM_BET,0,1,1,1
41,Bef02beb277,ARM_HOLD,1,0,0,0
41,B71f8aada7c,ARM_HOLD,0,1,0,1
41,Bd778c26be8,ARM_BET,0,0,0,1
41,Bd0c9f1004d,ARM_HOLD,0,1,1,1
41,B9dd8b9fc96,ARM_BET,1,1,0,0
41,B4c40b21305,ARM_BET,0,0,0,1
41,Bc091f7a93d,ARM_BET,1,0,0,0
41,B1185cbb88e,ARM_HOLD,0,0,1,0
41,B2b5486e882,ARM_BET,1,0,0,0
41,Bf65ae081a5,ARM_BET,0,0,0,1
41,Bc0f03519dd,ARM_HOLD,1,1,0,1
41,Bb0aaaaaefc,ARM_HOLD,1,0,0,1
41,B8e121c54ff,ARM_BET,1,0,1,0
41,B1688152e5c,ARM_BET,1,1,0,1
41,Bf94e471f31,ARM_HOLD,0,1,0,1
41,Bb2387e9224,ARM_BET,0,1,1,1
41,B66b22ea587,ARM_HOLD,1,1,0,0
41,B12c75c8622,ARM_HOLD,1,0,0,1
41,B64110e2baa,ARM_BET,0,0,1,1
41,B1cea194028,ARM_BET,1,1,0,1
41,Bf94e2f7389,ARM_HOLD,0,0,1,1
41,B297d48a18a,ARM_BET,0,0,1,1
41,Bc21beffa79,ARM_HOLD,1,1,1,0
41,B8cfb8020d1,ARM_BET,1,0,0,0
41,B827e9f702f,ARM_BET,0,1,1,0
41,B79647239f6,ARM_HOLD,0,0,0,0
41,Bda7873ea71,ARM_BET,0,0,0,1
41,B1d74e007d0,ARM_BET,0,1,1,1
41,B2cd6e046c7,ARM_HOLD,1,1,0,1
41,Be8937cd52c,ARM_HOLD,0,1,1,1
41,B1caea309e6,ARM_BET,1,0,1,0
41,B93ddc7dd51,ARM_HOLD,0,0,1,1
41,B90b2e555e4,ARM_HOLD,1,1,0,1
41,Be75e7a0cfd,ARM_BET,0,0,0,1
41,B023674f449,ARM_HOLD,1,0,0,0
41,Be74211e22b,ARM_BET,1,1,0,0
41,B3f7366e419,ARM_HOLD,1,1,1,1
41,B5d719c783b,ARM_BET,0,0,0,0
41,Be9a2238aa8,ARM_BET,1,1,1,0
41,Bb262fde9ed,ARM_HOLD,1,0,0,0
41,B28da6fa1e2,ARM_BET,1,0,1,0
41,B503f0ad260,ARM_BET,0,0,1,0
41,Bd9e05e25c8,ARM_BET,1,1,0,0
41,B41c1a6f7e2,ARM_BET,0,0,0,1
41,Bc262977eb8,ARM_BET,0,0,1,1
41,B82cb1b8a35,ARM_HOLD,1,1,1,1
41,B1bd9641e3a,ARM_BET,1,1,1,0
41,B448d37a8f8,ARM_BET,0,0,0,0
41,B9d7a0a60e9,ARM_BET,1,1,0,1
41,B94104ad754,ARM_HOLD,1,1,1,1
41,Bbe3e5e29b5,ARM_BET,0,1,1,0
41,Bcc22f6d472,ARM_HOLD,0,0,0,0
41,Bce8b5449b1,ARM_HOLD,0,1,1,0
41,B8f4451b2c2,ARM_HOLD,1,0,0,0
41,Bb6e4bb484b,ARM_HOLD,0,0,0,0
41,Bf601d42229,ARM_BET,0,0,1,0
41,Baf71b89918,ARM_BET,1,1,0,0
41,Bd6e014d834,ARM_BET,0,0,1,1
41,Bff5d9d8c41,ARM_BET,0,1,1,1
41,B7d7e7fa99a,ARM_BET,1,1,0,0
41,B4bf553cf7c,ARM_HOLD,0,1,1,0
41,B65153c2f70,ARM_HOLD,1,0,0,0
41,B6418aaed65,ARM_BET,0,0,0,0
41,B4796339754,ARM_BET,1,1,1,0
41,B12ddfbb009,ARM_HOLD,0,1,0,1
41,B7a6732ffec,ARM_HOLD,0,0,1,0
41,B305282c1b4,ARM_HOLD,0,0,1,0
41,Bacd609831d,ARM_BET,0,0,1,0
41,B7e53a68467,ARM_BET,0,0,1,0
41,B8ea7b28578,ARM_HOLD,1,0,1,0
41,Bf725c4ac38,ARM_HOLD,0,1,0,1
41,B497944a552,ARM_BET,0,1,0,1
41,B1486fdccd9,ARM_BET,0,0,0,0
41,Bd56c1b7a69,ARM_HOLD,0,0,0,0
41,B18ba056668,ARM_BET,0,0,1,0
41,Be2fd2f4498,ARM_HOLD,1,1,0,0
41,B8e6028ca05,ARM_HOLD,1,1,0,1
41,B44fabdbb21,ARM_BET,1,0,1,1
41,Bf9c131a9f3,ARM_BET,0,1,1,0
41,B2ab04c72cb,ARM_HOLD,1,0,0,1
41,B9057108ea3,ARM_BET,0,1,1,1
41,B22246b06e1,ARM_BET,1,1,0,1
41,B207b963420,ARM_BET,1,1,0,0
41,B47e70e8431,ARM_BET,1,1,0,1
41,B599fcf4c27,ARM_BET,0,1,1,1
41,Ba29f1552d3,ARM_HOLD,1,1,0,0
41,Bf274303e80,ARM_HOLD,0,0,1,0
41,Ba0315c4c6a,ARM_BET,0,0,1,0
41,B8d1686e02f,ARM_HOLD,0,0,1,0
41,B990f27081b,ARM_BET,0,0,1,0
41,B3d11f7a829,ARM_BET,0,1,0,0
41,B3199c280b3,ARM_HOLD,1,1,0,1
41,Bdd066f943b,ARM_BET,1,1,0,0
41,B4566e5886b,ARM_HOLD,1,1,0,0
41,Beb093b5204,ARM_HOLD,0,0,0,0
42,B38c1d9381c,ARM_HOLD,0,0,1,1
42,Ba76111dc73,ARM_BET,0,1,1,0
42,Bbd18aef98c,ARM_BET,1,0,0,1
42,B4a33171bc8,ARM_HOLD,0,0,0,0
42,Bfca5dc869d,ARM_HOLD,0,0,1,0
42,Bd2f758b4b4,ARM_BET,1,1,1,0
42,Beca34361a9,ARM_BET,0,1,0,1
42,B09163a6f91,ARM_BET,1,1,0,0
42,Bd1e92b81f5,ARM_BET,0,1,1,1
42,B377e9054a3,ARM_BET,1,0,1,1
42,Be0542c4f2b,ARM_HOLD,0,0,0,1
42,B88df6cb288,ARM_BET,0,0,1,0
42,B155aefe6f0,ARM_BET,1,0,0,1
42,B3ba3659ba2,ARM_HOLD,1,0,1,1
42,B0feba84f3b,ARM_HOLD,0,0,1,1
42,B65558b9201,ARM_HOLD,1,1,1,1
42,B24cb4ff6c4,ARM_HOLD,1,0,1,0
42,B419a8e011a,ARM_HOLD,0,1,1,1
42,B72c3f81fc2,ARM_HOLD,0,1,0,1
42,B41de33bbe6,ARM_HOLD,0,1,1,0
42,B8bbec43c67,ARM_BET,1,1,0,0
42,B5e58c7c557,ARM_BET,0,0,1,0
42,B567696d575,ARM_HOLD,0,1,1,1
42,B03f1a68520,ARM_HOLD,1,0,1,0
42,B6286842e7b,ARM_BET,1,1,1,0
42,B0c722280d5,ARM_BET,0,0,0,0
42,B0c78eb3569,ARM_BET,0,0,0,0
42,B460917db2d,ARM_BET,1,1,1,1
42,B9342c0d58c,ARM_BET,1,1,0,0
42,B1a2cc2a9fa,ARM_BET,1,0,0,1
42,Bf4cdfa7ab7,ARM_HOLD,0,0,1,1
42,B5b40051f44,ARM_BET,0,0,1,0
42,B047a40d9ef,ARM_HOLD,0,1,0,1
42,B37a017fd21,ARM_BET,0,1,1,1
42,B6029782624,ARM_HOLD,0,0,0,0
42,Bf9c646a588,ARM_HOLD,0,0,1,0
42,B22253024ea,ARM_HOLD,0,1,0,0
42,B7a081fce07,ARM_BET,1,0,0,0
42,Bbf454dd14c,ARM_HOLD,1,1,1,1
42,B660d3a9adc,ARM_BET,0,0,0,0
42,B7d480cb192,ARM_HOLD,0,1,1,1
42,Ba8b5272703,ARM_BET,0,1,0,0
42,B6453ec0cce,ARM_BET,1,1,0,1
42,B3353d13aee,ARM_HOLD,1,0,0,1
42,Ba7c10566b5,ARM_BET,1,1,1,0
42,B8440ce59f1,ARM_HOLD,0,0,0,1
42,B4d50aaa620,ARM_BET,1,1,0,1
42,B811aa450b5,ARM_HOLD,1,1,1,0
42,B12a8929c03,ARM_HOLD,1,1,0,1
42,B9d3ebe3371,ARM_BET,0,1,0,0
42,B77680fd7f0,ARM_BET,1,0,0,0
42,B21df0f5a5e,ARM_BET,1,1,0,1
42,B9b3859a502,ARM_BET,1,1,1,1
42,Bfd27656d0c,ARM_BET,1,0,1,0
42,Bfde7c21b52,ARM_HOLD,1,1,0,1
42,B13cb22acb0,ARM_HOLD,0,0,1,1
42,Bb4f3fc9a76,ARM_BET,1,0,1,0
42,Bc3b7f46e7d,ARM_BET,0,0,1,0
42,B5b0a68b406,ARM_HOLD,1,0,1,1
42,B98989c9ebd,ARM_BET,0,0,0,0
42,Ba20686581f,ARM_BET,0,0,1,0
42,Bf9b4948f5a,ARM_HOLD,0,1,1,1
42,Bb7d6f2c949,ARM_HOLD,0,0,1,0
42,B83ba69192d,ARM_BET,1,0,0,0
42,Bb5af5ce1ba,ARM_BET,1,0,1,1
42,B81abd7fa8c,ARM_BET,1,1,0,1
42,B708258c8e2,ARM_BET,0,1,1,0
42,B0ab439efb5,ARM_HOLD,0,1,0,1
42,B1dcb6c6089,ARM_BET,1,1,0,0
42,B0634bcfba2,ARM_BET,0,0,1,1
42,B86cf13dc47,ARM_BET,0,1,0,0
42,Be0df4d5d80,ARM_HOLD,0,0,1,1
42,Bffbc7d43ad,ARM_HOLD,1,0,1,0
42,B3a637b538e,ARM_HOLD,1,1,0,1
42,Be8013b6fc2,ARM_HOLD,0,1,1,1
42,B6f0941c2b8,ARM_HOLD,0,0,1,0
42,Bceee4a42b4,ARM_BET,0,0,1,0
42,Be631ef65d6,ARM_BET,0,1,0,1
42,Ba8e8a93860,ARM_HOLD,1,0,0,0
42,B3f2ef0f7bf,ARM_HOLD,1,1,1,0
42,B5ee5936b37,ARM_BET,0,1,0,1
42,Ba77eef1efb,ARM_BET,0,0,0,1
42,Bd75f2e9e13,ARM_BET,1,1,1,0
42,B775302133a,ARM_BET,0,0,1,1
42,B3e788e0f05,ARM_HOLD,0,1,1,1
42,B530cc02d3e,ARM_BET,1,1,1,0
42,B66bb6b5c0a,ARM_BET,1,1,1,0
42,B229e3f5dd8,ARM_BET,1,0,1,0
42,B9ad58218c8,ARM_BET,0,0,0,0
42,B8421679210,ARM_HOLD,1,1,0,0
42,B22dd8e00ec,ARM_BET,0,0,1,1
42,B2e34b9d021,ARM_BET,0,0,0,1
42,B373ae4bc60,ARM_BET,0,0,1,1
42,B84a3c0511f,ARM_HOLD,1,1,0,0
42,B8b7e6630af,ARM_HOLD,0,0,0,1
42,Bd064e9263a,ARM_BET,0,1,1,0
42,B345e4a80a8,ARM_HOLD,1,0,1,1
42,Be82924245e,ARM_HOLD,0,1,0,1
42,Ba513771478,ARM_BET,0,1,0,0
42,B8fd2bbd646,ARM_BET,1,0,0,0
42,Baeb98f7ca7,ARM_BET,1,0,1,0
42,B1f7a93a267,ARM_BET,0,1,0,0
42,Baf7b388f81,ARM_BET,1,1,1,0
42,B0b69625b3b,ARM_HOLD,0,1,0,0
42,B01d0e8462c,ARM_BET,1,0,0,1
42,B9a99d6918c,ARM_HOLD,1,1,1,1
42,B731c3fd146,ARM_BET,0,0,0,0
42,B2faffc6d88,ARM_BET,0,1,0,1
42,B3ea5fdd2f2,ARM_BET,1,1,0,1
42,Bac0d9f5139,ARM_BET,0,1,0,0
42,B34ce1a8842,ARM_HOLD,0,0,1,0
42,Bee1106eebf,ARM_BET,1,1,1,0
42,B6c53d19437,ARM_HOLD,1,0,0,0
42,Be567330d8c,ARM_BET,0,1,1,0
42,Bf8a15a7986,ARM_HOLD,0,0,1,0
42,Bdf4a8d45eb,ARM_HOLD,1,1,0,1
42,Bd9161883bc,ARM_BET,1,1,0,1
42,B6189ed46b3,ARM_BET,0,0,1,0
42,Bec1869b239,ARM_HOLD,1,1,1,0
42,B0288123682,ARM_BET,0,0,1,0
42,Bc9b505a68d,ARM_HOLD,0,1,0,0
42,B412503c92f,ARM_BET,1,1,1,1
42,B24dc962c9a,ARM_HOLD,0,1,1,1
42,Bc33d7c9fe1,ARM_HOLD,0,0,1,1
42,Bd3a264bf7b,ARM_HOLD,0,0,0,0
42,Bfae3c9e40a,ARM_HOLD,1,1,0,1
42,B711d17cfd7,ARM_BET,1,0,0,1
42,B9dab6f6dcf,ARM_HOLD,1,0,0,1
42,B04f965eae4,ARM_BET,0,0,1,1
42,B495af8e2b9,ARM_HOLD,0,1,0,0
42,B7f85dca853,ARM_BET,1,1,1,0
42,Bf616b1d7e5,ARM_HOLD,1,1,0,0
42,Beb5b3122aa,ARM_HOLD,0,0,1,0
42,B6d44ab5d85,ARM_BET,1,0,1,1
43,Be5c76d0eca,ARM_BET,1,0,1,0
43,B6cf55d6fb1,ARM_BET,0,0,1,0
43,B8240015920,ARM_BET,0,1,0,0
43,B54c9819d23,ARM_BET,1,0,1,1
43,Bf9f318c00a,ARM_HOLD,1,1,0,0
43,B3b334ab319,ARM_HOLD,0,0,1,1
43,B104ee1f11b,ARM_HOLD,0,0,0,1
43,B7ecca61712,ARM_HOLD,0,0,1,0
43,B7796fb3378,ARM_HOLD,0,0,0,1
43,B9dfb38a0ae,ARM_HOLD,0,0,0,0
43,Bca838b94a6,ARM_HOLD,0,1,0,1
43,Bab29303693,ARM_BET,1,0,1,0
43,B71f2ea5a27,ARM_BET,0,1,0,1
43,Bae44e644b8,ARM_BET,1,0,0,1
43,B869ae3199f,ARM_HOLD,0,0,1,0
43,B0b6a0e385c,ARM_HOLD,0,1,1,1
43,B6990f91585,ARM_BET,0,1,1,1
43,Bc655320a72,ARM_BET,0,0,0,1
43,Bd71668a10f,ARM_HOLD,0,0,0,0
43,B50e7c01edf,ARM_HOLD,0,0,0,1
43,Bcc91f958e1,ARM_BET,1,1,1,0
43,B162fbf6543,ARM_BET,1,1,1,1
43,B0bf92ecc93,ARM_HOLD,1,0,1,1
43,B4a059aa892,ARM_HOLD,0,0,0,0
43,B40b3d7c31f,ARM_HOLD,1,0,0,0
43,Bda6049f586,ARM_HOLD,0,0,1,1
43,Bdcf96b6c9a,ARM_HOLD,0,1,0,1
43,Bb47d7486db,ARM_HOLD,0,1,0,0
43,Bc8fb3be0cb,ARM_HOLD,1,1,1,0
43,Bc783f8ebe0,ARM_BET,0,0,0,0
43,B9695f600c3,ARM_HOLD,0,1,1,1
43,B5b3783256e,ARM_BET,0,0,0,1
43,Be10b6b9d62,ARM_HOLD,1,0,1,1
43,Bd315d7b9d1,ARM_HOLD,0,0,1,0
43,B40b950301c,ARM_BET,0,1,1,1
43,Babb733d071,ARM_HOLD,0,1,1,1
43,Bcdcd3688da,ARM_HOLD,1,0,0,0
43,Bd332549be2,ARM_BET,0,0,1,1
43,Bd0220bcc1b,ARM_BET,0,1,0,1
43,B651e090152,ARM_HOLD,1,0,1,0
43,Be9e084499e,ARM_BET,0,0,1,0
43,Bb4c0847596,ARM_HOLD,0,0,0,1
43,B73908e2547,ARM_HOLD,0,1,0,0
43,Bd80280f916,ARM_BET,0,1,1,1
43,B3ec8509d74,ARM_HOLD,0,0,0,0
43,B9068c94827,ARM_HOLD,1,0,0,1
43,Badaf80a998,ARM_BET,0,1,0,0
43,Bdf8008bedd,ARM_HOLD,0,0,1,1
43,B1b3620c9bf,ARM_BET,1,0,0,0
43,B8a292adec6,ARM_HOLD,0,1,1,1
43,B51d2ccf706,ARM_BET,1,1,1,0
43,B8f36d597b3,ARM_BET,0,1,1,1
43,Bfd19dc25dc,ARM_HOLD,1,0,1,0
43,Bf8be1af871,ARM_HOLD,0,0,1,1
43,B3f5537fa57,ARM_BET,1,0,1,0
43,Ba0bc34e5ec,ARM_BET,1,0,0,1
43,B0e55d943ef,ARM_HOLD,1,1,0,0
43,B11268133dc,ARM_BET,1,0,1,0
43,Ba966d190e0,ARM_HOLD,1,1,1,0
43,B2a710ac755,ARM_HOLD,0,0,0,0
43,B2b64a7c7a9,ARM_BET,1,1,1,1
43,Babc835f346,ARM_BET,1,0,0,1
43,Bab63c79b18,ARM_HOLD,1,0,0,1
43,Bc12f6f8215,ARM_BET,1,1,0,1
43,B7a05527a53,ARM_HOLD,0,0,0,0
43,B115de666ca,ARM_BET,1,1,1,0
43,B51484d4af8,ARM_HOLD,0,1,1,0
43,B29a43775c2,ARM_BET,0,0,0,0
43,B2826c0129d,ARM_BET,1,1,0,0
43,B48681219e8,ARM_HOLD,0,1,0,0
43,Bc1229ece93,ARM_HOLD,1,1,1,1
43,Bee86c3ba8a,ARM_BET,1,1,0,0
43,Bfba37d713e,ARM_BET,1,0,1,1
43,B701b55873a,ARM_HOLD,0,0,1,1
43,B4de833ac05,ARM_HOLD,1,0,1,1
43,B58bc5d2b75,ARM_BET,0,0,0,1
43,B7548b440ba,ARM_BET,0,0,0,1
43,B45660d7791,ARM_HOLD,0,1,1,0
43,B56c07cbac6,ARM_BET,0,0,1,1
43,Bec67f7c967,ARM_BET,1,0,0,0
43,B2608dde610,ARM_BET,1,0,1,1
43,Bf1fac924a4,ARM_HOLD,0,0,1,1
43,B344eb05b91,ARM_BET,0,0,1,1
43,B06d79659bf,ARM_BET,1,1,1,0
43,B59bea24682,ARM_HOLD,0,1,1,1
43,B337ce26342,ARM_HOLD,0,1,1,0
43,Bbeda7682cb,ARM_HOLD,1,0,1,1
43,B132b5564ec,ARM_BET,1,0,1,0
43,Bb6d9ef4e3c,ARM_BET,0,1,1,0
43,B820a5071f1,ARM_HOLD,0,1,0,0
43,Bfcde73272c,ARM_BET,1,0,0,1
43,Bf39d871cb6,ARM_HOLD,0,0,1,0
43,B5baa4d3660,ARM_BET,1,1,0,0
43,B97c57c9d36,ARM_BET,0,0,0,1
43,Baa094e6d3e,ARM_BET,1,0,0,1
43,Bb2f094ee63,ARM_BET,0,1,1,0
43,B3b221b58fe,ARM_HOLD,1,0,0,0
43,B3eb3d9e4c4,ARM_BET,1,0,0,0
43,B3b5371a4ab,ARM_BET,0,0,1,0
43,B51cef95122,ARM_HOLD,1,1,0,1
43,B189bf6089c,ARM_HOLD,0,0,1,0
43,Bedd699fc44,ARM_HOLD,0,0,0,0
43,B5496853a52,ARM_HOLD,1,0,1,0
43,B32a24eb924,ARM_BET,0,0,0,0
43,B52a26106d3,ARM_BET,0,0,1,0
43,B64cb620c5d,ARM_HOLD,1,0,1,0
43,B17f38e64a2,ARM_BET,1,0,0,0
43,B550035416c,ARM_HOLD,0,1,0,1
43,Bcc0807923a,ARM_HOLD,1,0,0,1
43,B317976a9c4,ARM_BET,1,0,1,0
43,B7cf8a45a50,ARM_BET,0,1,0,1
43,B4951d512d3,ARM_HOLD,0,0,0,1
43,Bca1893a3fb,ARM_BET,0,0,0,1
43,B5aea2aa302,ARM_BET,0,1,1,1
43,Bc7c97378ab,ARM_HOLD,0,1,0,0
43,B6bc8c09a66,ARM_HOLD,0,1,0,1
43,B0144063695,ARM_BET,0,0,0,1
43,B465c8aa0e8,ARM_BET,0,1,0,0
43,B983750582a,ARM_BET,1,0,0,0
43,Bd798e4a173,ARM_BET,0,1,1,1
43,B595b287947,ARM_HOLD,1,1,0,0
43,Bd70e7c61b8,ARM_BET,0,0,0,1
43,Bf29e76eb88,ARM_BET,0,0,0,1
43,Bad97ceacbf,ARM_BET,0,0,1,1
43,B2bc6201a63,ARM_BET,1,1,1,1
43,B19da2b7704,ARM_HOLD,1,0,1,0
43,Bf8d020ed89,ARM_HOLD,0,1,1,1
43,Bee17a96f02,ARM_BET,0,0,1,0
43,B96f63f3f96,ARM_HOLD,1,1,0,1
43,Bd615cb4266,ARM_HOLD,0,0,0,0
43,B5b7908342f,ARM_HOLD,0,0,1,1
43,Bc827a6bc4f,ARM_HOLD,0,0,0,0
43,B4935ca02e7,ARM_HOLD,1,0,0,1
43,Bd354778c4c,ARM_BET,1,0,0,0
43,Bb428d19836,ARM_BET,1,0,1,1
43,Bb5351bacf8,ARM_HOLD,0,0,0,0
43,B74b472bc16,ARM_HOLD,1,1,1,0
43,Bd7afa81bc5,ARM_BET,1,1,0,1
43,B7edf75e4a1,ARM_HOLD,1,1,1,0
43,Bb0b3cedd50,ARM_HOLD,0,0,0,1
43,B15d558c2d5,ARM_HOLD,0,0,0,0
43,B3bf411ef06,ARM_HOLD,0,1,1,1
43,Bea471cecf5,ARM_BET,1,1,1,0
43,B283e294412,ARM_HOLD,1,1,0,1
43,Bc670228324,ARM_HOLD,0,1,0,1
43,B747ecace6d,ARM_HOLD,1,0,1,1
43,B5e5693867e,ARM_BET,1,0,1,1
43,B1951006e3c,ARM_BET,0,1,0,0
43,B471446566f,ARM_BET,0,0,1,1
43,Bd6f197f3d0,ARM_BET,1,1,1,1
43,Bbcfc2b4834,ARM_HOLD,0,1,1,0
43,B69bd2a73b4,ARM_HOLD,1,0,0,0
43,B9fc309f803,ARM_BET,0,1,0,0
43,Bda9f112b0b,ARM_HOLD,1,0,0,1
43,B8f52532a6f,ARM_HOLD,0,0,1,1
43,B79fa7704be,ARM_BET,0,0,1,0
43,B70758e5e55,ARM_HOLD,0,0,1,0
43,B882d82a7fe,ARM_BET,0,0,0,0
43,B257f96aaba,ARM_BET,1,1,0,0
43,B7cc55b500a,ARM_HOLD,1,1,1,1
44,Bdbbcfba4cd,ARM_BET,1,0,0,0
44,Be56200ef44,ARM_BET,1,1,0,1
44,Bdcbbdf7508,ARM_BET,1,1,1,0
44,B04112da217,ARM_BET,1,0,0,1
44,B7bd5482160,ARM_BET,1,0,0,1
44,Be6437d05b4,ARM_BET,1,0,1,1
44,Bbb188d9c21,ARM_HOLD,1,0,1,1
44,B4854adb907,ARM_BET,0,1,1,1
44,Beff61f8c88,ARM_HOLD,0,0,1,0
44,Bb779146a0b,ARM_HOLD,0,0,1,1
44,Bc4497b9e2d,ARM_HOLD,1,0,1,0
44,B4d53216d8c,ARM_BET,0,0,0,0
44,B401fae24e6,ARM_BET,0,1,1,0
44,B482b28355e,ARM_HOLD,1,1,0,0
44,B7af739efc7,ARM_HOLD,1,0,0,1
44,Bb8c481eeff,ARM_BET,0,1,1,1
44,B9b395200ba,ARM_BET,1,1,1,1
44,Bbe7c35592c,ARM_HOLD,0,1,1,1
44,Bb48f7e4f5e,ARM_BET,0,0,0,0
44,B5a906b78dc,ARM_BET,0,0,1,1
44,B3f349ea187,ARM_HOLD,1,0,1,1
44,B4aec608c43,ARM_HOLD,0,0,1,1
44,B8918aa8ec7,ARM_BET,0,1,0,1
44,B22cb8e03aa,ARM_HOLD,1,0,1,0
44,B58240ff465,ARM_HOLD,0,1,0,1
44,Bbac7faec7a,ARM_BET,0,1,0,0
44,Bf1709f4c2f,ARM_BET,0,0,1,0
44,B61dc2572d0,ARM_HOLD,0,1,1,1
44,B03f2b3244c,ARM_HOLD,0,1,1,0
44,B770e72149b,ARM_HOLD,0,1,0,1
44,B123d953596,ARM_BET,1,0,1,1
44,Beeb40778fd,ARM_BET,1,1,0,1
44,B5e2c54bbdf,ARM_BET,1,0,1,1
44,B336b1851cb,ARM_HOLD,1,1,0,1
44,Ba22ddfe029,ARM_HOLD,1,1,1,0
44,Bc1a2efbf5d,ARM_BET,0,1,0,0
44,Ba673958e04,ARM_HOLD,1,0,1,0
44,B74f22b7d8e,ARM_HOLD,1,1,1,1
44,B13d69c0752,ARM_BET,0,1,0,1
44,B4c93be7099,ARM_HOLD,1,0,0,0
44,B16d14a80fc,ARM_HOLD,1,0,0,0
44,B3c21ba6b05,ARM_HOLD,1,0,1,0
44,B773982f0b9,ARM_BET,1,0,0,1
44,B53fab80e21,ARM_BET,0,0,1,1
44,B8ed0a39729,ARM_HOLD,1,1,0,1
44,Bc4d65dad1c,ARM_HOLD,1,0,0,0
44,Bb6083f6924,ARM_BET,0,1,0,0
44,B5935fd3ca8,ARM_HOLD,0,0,1,0
44,B4e320a6581,ARM_HOLD,0,0,1,0
44,B707b85ae9f,ARM_HOLD,0,1,1,1
44,B2f46f52175,ARM_BET,0,0,1,0
44,B2fa52f8655,ARM_HOLD,0,0,0,1
44,B81d5644fa2,ARM_HOLD,0,0,1,1
44,Bf0b8d7a2fb,ARM_HOLD,0,1,1,1
44,B5d6856e57d,ARM_BET,1,0,0,0
44,B96169011a2,ARM_BET,0,1,0,0
44,Bcbdc60fd78,ARM_BET,1,1,0,0
44,B4fddde45ce,ARM_HOLD,0,0,0,1
44,Bba5e45a68e,ARM_HOLD,0,1,0,0
44,Bf685293ab5,ARM_BET,0,1,0,1
44,Bbf93b9478d,ARM_HOLD,1,0,1,0
44,Bc1395a5889,ARM_BET,1,0,0,0
44,B7111ce9a3d,ARM_HOLD,0,0,1,0
44,Bfb3bdba0c1,ARM_BET,1,1,0,1
44,Bb67004a695,ARM_HOLD,0,0,1,0
44,B487e8f0c90,ARM_HOLD,1,1,0,1
44,B4acb47606d,ARM_HOLD,1,1,1,1
44,Bbfaa5e3312,ARM_BET,1,0,0,0
44,Bbf5b1e1f1e,ARM_HOLD,1,0,1,1
44,B1a2cdc7728,ARM_HOLD,1,1,0,1
44,B364db17e2a,ARM_BET,1,1,0,0
44,Bb67004a695,ARM_BET,1,1,0,1
44,B7bf85085ab,ARM_HOLD,1,0,0,1
44,B63c3bd916e,ARM_HOLD,0,0,1,1
44,B350b2cbe5b,ARM_BET,1,0,1,1
44,B7737115327,ARM_HOLD,1,0,1,1
44,B8ec93c5cc2,ARM_BET,0,0,0,1
44,B3ee5b76dec,ARM_BET,0,1,1,1
44,B316fe7f3a1,ARM_HOLD,1,0,1,0
44,Ba3e8133f8b,ARM_HOLD,0,0,0,1
44,B00ce8a9a99,ARM_BET,1,1,0,1
44,B1317c64b7d,ARM_BET,0,1,0,1
44,B2f810465fd,ARM_BET,0,1,0,0
44,B96861e1116,ARM_HOLD,0,0,1,0
44,B65865e20d0,ARM_HOLD,0,0,1,1
44,B4c0e511c46,ARM_HOLD,0,1,0,1
44,Bc0ac38923e,ARM_BET,1,1,1,0
44,B27bc7f191e,ARM_BET,0,1,1,1
44,B5b780ffc4c,ARM_HOLD,0,0,1,0
44,Ba1c78520ad,ARM_HOLD,0,1,1,1
44,B2045677893,ARM_HOLD,1,0,1,0
44,Bfaf82c9c0d,ARM_BET,0,1,0,1
44,Bbf654eba81,ARM_BET,1,0,1,0
44,B995e717dac,ARM_HOLD,1,0,0,1
44,B09698052a0,ARM_BET,0,0,1,0
44,B48484f1efb,ARM_HOLD,1,0,0,1
44,Bf047892494,ARM_HOLD,0,0,1,0
44,B10c640af52,ARM_HOLD,1,0,1,0
44,Be0525db730,ARM_HOLD,1,1,1,1
44,Bf2d37931f7,ARM_BET,1,1,0,0
44,Bee5ea19087,ARM_HOLD,0,1,0,0
44,B4e0043ae8e,ARM_BET,1,0,1,1
44,Ba02e20c17e,ARM_HOLD,0,1,0,1
44,B2321438ba0,ARM_BET,1,0,0,0
44,B0cd783055c,ARM_HOLD,0,1,0,1
44,Bfe12af4901,ARM_BET,1,0,1,0
44,B5275f612fc,ARM_HOLD,0,1,0,0
44,B7df78d540f,ARM_HOLD,0,1,1,1
44,B8bcbe94364,ARM_BET,0,1,0,1
44,Bf268ef3ba5,ARM_BET,0,0,0,1
44,B779f066d09,ARM_BET,1,0,0,0
44,Bccba00f329,ARM_BET,0,1,1,1
44,B35935cf919,ARM_BET,1,0,1,1
44,B019ce1fbf9,ARM_BET,1,0,0,0
44,B01e93f917c,ARM_BET,0,1,1,0
44,Ba0a5944e09,ARM_HOLD,0,1,0,1
44,Bdc873a5f43,ARM_HOLD,0,1,0,1
44,Ba3f6574cca,ARM_BET,1,1,1,1
44,Bdb5561f165,ARM_HOLD,0,1,1,1
44,Ba6bdaed160,ARM_BET,1,0,0,0
44,B0de87d04df,ARM_BET,0,0,1,0
44,Bb2e5513a98,ARM_HOLD,0,0,1,0
44,Bea9780770c,ARM_HOLD,1,1,0,0
44,B055009c5d9,ARM_BET,1,0,1,1
44,Bc09553c309,ARM_HOLD,0,0,0,0
44,B56d272c2a0,ARM_HOLD,0,1,0,1
44,B96196cbd1f,ARM_HOLD,0,1,0,1
44,Bfe01aa43ad,ARM_BET,0,1,0,1
44,B0d0b4896e5,ARM_HOLD,0,0,1,0
44,Ba0748278fe,ARM_HOLD,1,1,1,1
44,B27b8767543,ARM_HOLD,1,1,0,0
44,B1c15d8dec3,ARM_BET,0,0,0,0
44,B06fbf3f0ef,ARM_BET,0,1,0,1
44,Bc9c0bbac6f,ARM_HOLD,1,0,1,1
44,B81190d4cf9,ARM_HOLD,1,1,1,0
44,Ba1d9b33089,ARM_BET,1,1,0,0
44,B97a274b4f9,ARM_HOLD,0,0,0,0
44,Befc68a80aa,ARM_HOLD,1,0,1,0
44,Bbd2a8d715e,ARM_BET,0,0,1,0
44,B43d1ea3c31,ARM_BET,1,0,1,0
44,Be1606e669a,ARM_BET,0,0,0,0
44,B03254b914d,ARM_BET,1,0,1,1
44,B49035895b0,ARM_BET,1,0,0,1
